game_id,date,agent,map,outcome,round_wins,round_losses,kills,deaths,assists,kdr,acs,role
1,4/11/2023,Cypher,Ascent,Loss,5,13,8,15,4,0.5333333333333333,125,Sentinel
2,4/12/2023,Cypher,Icebox,Loss,4,13,3,15,2,0.2,59,Sentinel
3,4/15/2023,KAY/O,Lotus,Win,13,4,7,12,7,0.5833333333333334,132,Initiator
4,4/15/2023,Brimstone,Ascent,Loss,9,13,18,12,10,1.5,230,Controller
5,4/15/2023,Cypher,Haven,Loss,1,13,6,14,3,0.42857142857142855,146,Sentinel
6,4/15/2023,KAY/O,Haven,Win,13,10,16,15,18,1.0666666666666667,234,Initiator
7,4/15/2023,Cypher,Pearl,Loss,3,13,7,15,5,0.4666666666666667,145,Sentinel
8,4/15/2023,KAY/O,Icebox,Loss,4,13,8,15,4,0.5333333333333333,119,Initiator
9,4/16/2023,Cypher,Pearl,Loss,10,13,14,17,4,0.8235294117647058,160,Sentinel
10,4/16/2023,Phoenix,Fracture,Win,13,4,16,7,6,2.2857142857142856,284,Duelist
11,4/17/2023,Brimstone,Lotus,Loss,4,13,8,14,1,0.5714285714285714,137,Controller
12,4/17/2023,KAY/O,Ascent,Win,15,13,17,17,14,1.0,191,Initiator
13,4/17/2023,KAY/O,Ascent,Loss,9,13,13,16,8,0.8125,151,Initiator
14,4/17/2023,KAY/O,Icebox,Loss,12,14,12,18,6,0.6666666666666666,131,Initiator
15,4/17/2023,KAY/O,Lotus,Loss,9,13,17,15,4,1.1333333333333333,223,Initiator
16,4/17/2023,KAY/O,Split,Loss,12,14,20,24,11,0.8333333333333334,225,Initiator
17,4/18/2023,Breach,Split,Loss,5,13,5,16,8,0.3125,128,Initiator
18,4/18/2023,Breach,Fracture,Win,13,9,9,16,7,0.5625,128,Initiator
19,4/18/2023,Breach,Fracture,Win,13,8,12,16,11,0.75,179,Initiator
20,4/21/2023,Cypher,Lotus,Loss,5,13,7,15,1,0.4666666666666667,103,Sentinel
21,4/21/2023,Cypher,Ascent,Win,4,0,1,1,1,1.0,81,Sentinel
22,4/21/2023,Cypher,Ascent,Win,13,4,7,10,4,0.7,125,Sentinel
23,4/21/2023,Cypher,Haven,Win,13,5,14,11,7,1.2727272727272727,206,Sentinel
24,4/21/2023,Cypher,Fracture,Win,15,13,23,20,7,1.15,236,Sentinel
25,4/21/2023,Cypher,Pearl,Win,13,7,15,10,6,1.5,193,Sentinel
26,4/22/2023,Cypher,Icebox,Win,13,2,8,10,4,0.8,139,Sentinel
27,4/22/2023,Cypher,Split,Draw,15,15,35,21,8,1.6666666666666667,324,Sentinel
28,4/23/2023,Cypher,Fracture,Win,13,10,12,16,4,0.75,145,Sentinel
29,4/23/2023,Cypher,Ascent,Loss,5,13,11,15,2,0.7333333333333333,202,Sentinel
30,4/28/2023,Cypher,Fracture,Loss,12,14,22,19,5,1.1578947368421053,256,Sentinel
31,4/28/2023,Cypher,Pearl,Loss,8,13,14,15,4,0.9333333333333333,184,Sentinel
32,4/28/2023,Cypher,Pearl,Win,14,12,17,20,6,0.85,207,Sentinel
33,4/28/2023,Cypher,Haven,Loss,12,14,15,18,7,0.8333333333333334,156,Sentinel
34,4/29/2023,Cypher,Lotus,Win,13,11,21,14,4,1.5,234,Sentinel
35,5/2/2023,Cypher,Fracture,Loss,6,13,6,17,4,0.35294117647058826,123,Sentinel
36,5/2/2023,Cypher,Bind,Loss,8,13,8,15,1,0.5333333333333333,108,Sentinel
37,5/2/2023,Cypher,Split,Win,13,7,14,14,8,1.0,192,Sentinel
38,5/4/2023,Cypher,Pearl,Loss,10,13,18,14,5,1.2857142857142858,212,Sentinel
39,5/4/2023,Cypher,Ascent,Loss,5,13,13,15,2,0.8666666666666667,202,Sentinel
40,5/4/2023,Cypher,Lotus,Loss,11,13,14,17,0,0.8235294117647058,174,Sentinel
41,5/4/2023,Cypher,Ascent,Loss,7,13,11,18,2,0.6111111111111112,154,Sentinel
42,5/4/2023,Cypher,Split,Win,13,9,23,13,7,1.7692307692307692,274,Sentinel
43,5/4/2023,Cypher,Bind,Win,13,1,13,2,4,6.5,213,Sentinel
44,5/4/2023,Cypher,Haven,Win,13,7,18,13,4,1.3846153846153846,260,Sentinel
45,5/4/2023,Cypher,Bind,Win,13,9,15,13,10,1.1538461538461537,230,Sentinel
46,5/4/2023,Cypher,Haven,Win,13,6,9,12,4,0.75,150,Sentinel
47,5/4/2023,Cypher,Split,Win,14,12,16,16,5,1.0,170,Sentinel
48,5/4/2023,Cypher,Ascent,Win,13,10,14,17,6,0.8235294117647058,184,Sentinel
49,5/4/2023,Cypher,Lotus,Loss,5,13,18,16,4,1.125,275,Sentinel
50,5/4/2023,Cypher,Lotus,Win,13,2,27,6,8,4.5,493,Sentinel
51,5/4/2023,Cypher,Pearl,Win,13,7,17,13,9,1.3076923076923077,211,Sentinel
52,5/4/2023,Cypher,Split,Loss,11,13,15,20,6,0.75,172,Sentinel
53,5/4/2023,Cypher,Bind,Win,13,11,16,17,8,0.9411764705882353,212,Sentinel
54,5/4/2023,Cypher,Split,Loss,6,13,9,15,1,0.6,115,Sentinel
55,5/4/2023,Cypher,Ascent,Win,13,10,15,17,5,0.8823529411764706,201,Sentinel
56,5/5/2023,Cypher,Haven,Win,13,8,14,12,7,1.1666666666666667,181,Sentinel
57,5/5/2023,Cypher,Lotus,Loss,7,13,13,17,3,0.7647058823529411,198,Sentinel
58,5/7/2023,Cypher,Pearl,Loss,9,13,9,15,3,0.6,132,Sentinel
59,5/7/2023,Cypher,Pearl,Win,14,12,20,20,4,1.0,234,Sentinel
60,5/7/2023,Cypher,Fracture,Loss,13,15,20,19,6,1.0526315789473684,215,Sentinel
61,5/8/2023,Cypher,Ascent,Loss,5,13,13,16,6,0.8125,209,Sentinel
62,5/8/2023,Cypher,Bind,Win,13,9,20,13,6,1.5384615384615385,258,Sentinel
63,5/8/2023,Cypher,Bind,Loss,8,13,16,14,5,1.1428571428571428,213,Sentinel
64,5/8/2023,Cypher,Lotus,Win,13,8,18,12,8,1.5,248,Sentinel
65,5/8/2023,Cypher,Split,Win,13,5,6,9,5,0.6666666666666666,89,Sentinel
66,5/8/2023,Cypher,Pearl,Loss,5,13,14,18,6,0.7777777777777778,179,Sentinel
67,5/8/2023,Cypher,Haven,Win,13,3,7,6,3,1.1666666666666667,114,Sentinel
68,5/8/2023,Cypher,Haven,Loss,6,13,23,15,3,1.5333333333333334,333,Sentinel
69,5/8/2023,Cypher,Fracture,Win,14,12,21,17,6,1.2352941176470589,238,Sentinel
70,5/8/2023,Cypher,Bind,Win,13,5,17,11,9,1.5454545454545454,254,Sentinel
71,5/8/2023,Cypher,Lotus,Loss,11,13,15,19,6,0.7894736842105263,190,Sentinel
72,5/8/2023,Cypher,Pearl,Win,13,7,13,13,5,1.0,194,Sentinel
73,5/8/2023,Cypher,Ascent,Win,13,4,8,11,8,0.7272727272727273,125,Sentinel
74,5/9/2023,Cypher,Split,Loss,7,13,21,11,4,1.9090909090909092,299,Sentinel
75,5/9/2023,Cypher,Bind,Win,13,6,17,8,4,2.125,249,Sentinel
76,5/9/2023,Cypher,Ascent,Loss,11,13,15,17,7,0.8823529411764706,196,Sentinel
77,5/9/2023,Cypher,Bind,Draw,15,15,17,19,9,0.8947368421052632,173,Sentinel
78,5/9/2023,Cypher,Split,Loss,4,13,10,14,5,0.7142857142857143,186,Sentinel
79,5/9/2023,Cypher,Pearl,Win,13,4,11,9,8,1.2222222222222223,173,Sentinel
80,5/9/2023,Cypher,Fracture,Loss,5,13,13,15,5,0.8666666666666667,203,Sentinel
81,5/9/2023,Killjoy,Bind,Loss,9,13,12,17,1,0.7058823529411765,136,Sentinel
82,5/9/2023,Cypher,Haven,Loss,8,13,12,17,6,0.7058823529411765,183,Sentinel
83,5/17/2023,Cypher,Bind,Win,13,1,14,6,4,2.3333333333333335,227,Sentinel
84,5/17/2023,Cypher,Lotus,Loss,9,13,22,18,6,1.2222222222222223,287,Sentinel
85,5/17/2023,Cypher,Fracture,Loss,7,13,18,13,6,1.3846153846153846,259,Sentinel
86,5/17/2023,Cypher,Split,Loss,9,13,22,15,3,1.4666666666666666,272,Sentinel
87,5/17/2023,Cypher,Split,Loss,13,15,18,22,5,0.8181818181818182,192,Sentinel
88,5/17/2023,Cypher,Haven,Loss,2,13,13,14,4,0.9285714285714286,252,Sentinel
89,5/17/2023,Cypher,Ascent,Win,13,8,13,13,5,1.0,158,Sentinel
90,5/17/2023,Cypher,Haven,Loss,4,13,8,16,2,0.5,171,Sentinel
91,5/18/2023,Cypher,Pearl,Win,13,2,11,10,7,1.1,215,Sentinel
92,5/18/2023,Cypher,Lotus,Win,13,2,16,9,4,1.7777777777777777,264,Sentinel
93,5/18/2023,Cypher,Split,Draw,15,15,24,21,9,1.1428571428571428,223,Sentinel
94,5/18/2023,Cypher,Fracture,Win,13,8,19,13,6,1.4615384615384615,232,Sentinel
95,5/18/2023,Cypher,Ascent,Win,13,9,18,16,7,1.125,242,Sentinel
96,5/18/2023,Cypher,Bind,Loss,12,14,14,21,11,0.6666666666666666,195,Sentinel
97,5/18/2023,Cypher,Pearl,Loss,11,13,20,16,2,1.25,252,Sentinel
98,5/19/2023,Cypher,Split,Loss,10,13,14,19,6,0.7368421052631579,203,Sentinel
99,5/19/2023,Cypher,Fracture,Win,13,3,17,6,6,2.8333333333333335,263,Sentinel
100,5/19/2023,Cypher,Lotus,Loss,9,13,21,16,4,1.3125,255,Sentinel
101,5/19/2023,Cypher,Pearl,Loss,5,13,4,17,4,0.23529411764705882,92,Sentinel
102,5/19/2023,Cypher,Fracture,Loss,11,13,17,17,5,1.0,221,Sentinel
103,5/19/2023,Cypher,Pearl,Loss,12,14,11,18,6,0.6111111111111112,141,Sentinel
104,5/19/2023,Cypher,Bind,Win,13,6,18,10,3,1.8,216,Sentinel
105,5/19/2023,Cypher,Lotus,Win,13,9,27,12,14,2.25,278,Sentinel
106,5/19/2023,Cypher,Ascent,Win,13,9,22,13,7,1.6923076923076923,278,Sentinel
107,5/19/2023,Cypher,Ascent,Loss,5,13,16,15,1,1.0666666666666667,252,Sentinel
108,5/20/2023,Cypher,Haven,Loss,4,13,10,14,4,0.7142857142857143,192,Sentinel
109,5/20/2023,Cypher,Lotus,Loss,12,14,25,21,4,1.1904761904761905,270,Sentinel
110,5/20/2023,Cypher,Haven,Loss,4,13,6,10,4,0.6,101,Sentinel
111,5/21/2023,Cypher,Lotus,Win,13,7,18,12,3,1.5,259,Sentinel
112,5/21/2023,Cypher,Pearl,Win,13,10,19,14,4,1.3571428571428572,213,Sentinel
113,5/22/2023,Cypher,Ascent,Win,13,10,17,14,7,1.2142857142857142,233,Sentinel
114,5/22/2023,Cypher,Ascent,Loss,3,13,12,13,5,0.9230769230769231,240,Sentinel
115,5/22/2023,Cypher,Fracture,Loss,7,13,14,15,3,0.9333333333333333,221,Sentinel
116,5/22/2023,Cypher,Bind,Win,13,11,17,18,4,0.9444444444444444,200,Sentinel
117,5/22/2023,Cypher,Lotus,Loss,4,13,20,16,3,1.25,339,Sentinel
118,5/22/2023,Cypher,Split,Win,13,9,9,13,9,0.6923076923076923,130,Sentinel
119,5/22/2023,Cypher,Bind,Loss,7,13,12,16,6,0.75,155,Sentinel
120,5/22/2023,Cypher,Split,Win,13,11,20,20,7,1.0,237,Sentinel
121,5/22/2023,Cypher,Bind,Loss,11,13,12,15,4,0.8,140,Sentinel
122,5/22/2023,Cypher,Lotus,Loss,10,13,20,16,5,1.25,231,Sentinel
123,5/23/2023,Cypher,Haven,Loss,7,13,25,13,2,1.9230769230769231,343,Sentinel
124,5/23/2023,Cypher,Pearl,Loss,7,13,20,15,3,1.3333333333333333,288,Sentinel
125,5/23/2023,Cypher,Pearl,Win,14,12,25,19,6,1.3157894736842106,255,Sentinel
126,5/23/2023,Cypher,Haven,Win,13,6,18,11,2,1.6363636363636365,261,Sentinel
127,5/23/2023,Cypher,Fracture,Win,13,7,18,17,10,1.0588235294117647,291,Sentinel
128,5/23/2023,Cypher,Lotus,Draw,14,14,25,17,4,1.4705882352941178,243,Sentinel
129,5/24/2023,Cypher,Bind,Win,13,7,17,10,4,1.7,228,Sentinel
130,5/24/2023,Cypher,Split,Loss,10,13,16,16,7,1.0,236,Sentinel
131,5/24/2023,Cypher,Ascent,Win,13,8,19,12,6,1.5833333333333333,217,Sentinel
132,5/28/2023,Cypher,Ascent,Loss,8,13,17,15,3,1.1333333333333333,224,Sentinel
133,5/28/2023,Cypher,Lotus,Win,13,10,23,17,10,1.3529411764705883,304,Sentinel
134,5/29/2023,Cypher,Ascent,Loss,9,13,12,16,8,0.75,178,Sentinel
135,5/29/2023,Cypher,Pearl,Loss,7,13,10,14,7,0.7142857142857143,163,Sentinel
136,5/29/2023,Cypher,Haven,Loss,5,13,9,17,3,0.5294117647058824,160,Sentinel
137,5/29/2023,Cypher,Bind,Win,14,12,27,17,5,1.588235294117647,298,Sentinel
138,5/30/2023,Cypher,Haven,Win,13,5,20,9,6,2.2222222222222223,311,Sentinel
139,5/30/2023,Cypher,Lotus,Loss,4,13,13,13,5,1.0,247,Sentinel
140,5/30/2023,Cypher,Bind,Win,4,2,5,2,2,2.5,227,Sentinel
141,5/30/2023,Cypher,Ascent,Loss,11,13,15,17,5,0.8823529411764706,183,Sentinel
142,5/30/2023,Cypher,Haven,Loss,8,13,12,17,5,0.7058823529411765,180,Sentinel
143,5/31/2023,Cypher,Fracture,Win,7,3,11,5,3,2.2,277,Sentinel
144,5/31/2023,Cypher,Lotus,Win,13,10,15,18,10,0.8333333333333334,213,Sentinel
145,5/31/2023,Cypher,Split,Win,14,12,12,17,12,0.7058823529411765,166,Sentinel
146,5/31/2023,Cypher,Lotus,Loss,4,13,13,14,4,0.9285714285714286,223,Sentinel
147,6/1/2023,Cypher,Ascent,Win,13,4,17,7,3,2.4285714285714284,262,Sentinel
148,6/1/2023,Cypher,Pearl,Win,13,5,15,8,4,1.875,220,Sentinel
149,6/1/2023,Cypher,Split,Loss,5,13,11,15,6,0.7333333333333333,215,Sentinel
150,6/1/2023,Cypher,Ascent,Win,15,13,25,21,4,1.1904761904761905,251,Sentinel
151,6/2/2023,Cypher,Split,Win,13,10,15,15,2,1.0,203,Sentinel
152,6/2/2023,Cypher,Pearl,Win,13,7,15,11,10,1.3636363636363635,222,Sentinel
153,6/3/2023,Cypher,Fracture,Win,13,9,15,15,3,1.0,210,Sentinel
154,6/3/2023,Cypher,Ascent,Loss,15,17,20,21,8,0.9523809523809523,188,Sentinel
155,6/3/2023,Cypher,Lotus,Loss,7,13,18,16,7,1.125,253,Sentinel
156,6/3/2023,Cypher,Haven,Win,13,4,19,9,6,2.111111111111111,306,Sentinel
157,6/4/2023,Cypher,Split,Loss,12,14,21,21,4,1.0,175,Sentinel
158,6/4/2023,Cypher,Pearl,Loss,11,13,18,19,5,0.9473684210526315,221,Sentinel
159,6/5/2023,Cypher,Fracture,Loss,5,13,10,16,2,0.625,183,Sentinel
160,6/5/2023,Cypher,Ascent,Loss,8,13,13,13,6,1.0,183,Sentinel
161,6/5/2023,Cypher,Bind,Loss,9,13,23,17,5,1.3529411764705883,292,Sentinel
162,6/5/2023,Cypher,Pearl,Loss,6,13,9,17,4,0.5294117647058824,146,Sentinel
163,6/5/2023,Cypher,Lotus,Win,13,9,13,14,6,0.9285714285714286,182,Sentinel
164,6/5/2023,Cypher,Bind,Win,13,9,12,14,5,0.8571428571428571,154,Sentinel
165,6/5/2023,Cypher,Pearl,Win,13,9,16,15,6,1.0666666666666667,208,Sentinel
166,6/6/2023,Cypher,Split,Win,13,2,14,5,3,2.8,229,Sentinel
167,6/6/2023,Cypher,Haven,Loss,9,13,19,18,4,1.0555555555555556,246,Sentinel
168,6/6/2023,Cypher,Fracture,Win,13,11,13,20,13,0.65,160,Sentinel
169,6/11/2023,Cypher,Lotus,Win,13,6,20,14,6,1.4285714285714286,305,Sentinel
170,6/11/2023,Cypher,Haven,Win,13,9,12,16,3,0.75,144,Sentinel
171,6/11/2023,Cypher,Split,Loss,8,13,13,19,4,0.6842105263157895,189,Sentinel
172,6/12/2023,Cypher,Bind,Win,13,6,17,10,9,1.7,245,Sentinel
173,6/12/2023,Cypher,Bind,Win,13,6,23,10,7,2.3,331,Sentinel
174,6/12/2023,Cypher,Lotus,Loss,5,13,12,16,4,0.75,203,Sentinel
175,6/12/2023,Cypher,Pearl,Win,13,11,17,16,8,1.0625,209,Sentinel
176,6/13/2023,Cypher,Haven,Win,13,9,16,15,5,1.0666666666666667,188,Sentinel
177,6/13/2023,Cypher,Split,Loss,7,13,9,16,6,0.5625,157,Sentinel
178,6/13/2023,Cypher,Fracture,Win,13,7,9,9,5,1.0,158,Sentinel
179,6/13/2023,Cypher,Ascent,Win,13,10,12,18,8,0.6666666666666666,182,Sentinel
180,6/14/2023,Cypher,Pearl,Win,13,8,21,13,4,1.6153846153846154,258,Sentinel
181,6/14/2023,Cypher,Haven,Loss,2,13,15,13,2,1.1538461538461537,309,Sentinel
182,6/14/2023,Cypher,Lotus,Win,13,8,21,16,4,1.3125,268,Sentinel
183,6/15/2023,Cypher,Split,Win,13,11,20,18,8,1.1111111111111112,276,Sentinel
184,6/15/2023,Cypher,Bind,Loss,13,15,22,19,5,1.1578947368421053,208,Sentinel
185,6/15/2023,Cypher,Fracture,Win,13,6,16,9,1,1.7777777777777777,211,Sentinel
186,6/16/2023,Cypher,Lotus,Loss,4,13,7,16,2,0.4375,135,Sentinel
187,6/16/2023,Cypher,Bind,Win,13,10,23,12,2,1.9166666666666667,135,Sentinel
188,6/16/2023,Cypher,Pearl,Win,13,7,22,9,5,2.4444444444444446,288,Sentinel
189,6/16/2023,Cypher,Haven,Win,13,11,18,16,4,1.125,212,Sentinel
190,6/17/2023,Cypher,Ascent,Win,13,6,13,8,6,1.625,202,Sentinel
191,6/17/2023,Cypher,Lotus,Win,13,5,20,8,4,2.5,300,Sentinel
192,6/17/2023,Cypher,Split,Win,13,9,25,14,4,1.7857142857142858,317,Sentinel
193,6/18/2023,Cypher,Lotus,Win,13,10,16,14,1,1.1428571428571428,207,Sentinel
194,6/18/2023,Cypher,Pearl,Win,15,13,19,21,5,0.9047619047619048,185,Sentinel
195,6/18/2023,Cypher,Fracture,Loss,6,13,15,16,5,0.9375,229,Sentinel
196,6/19/2023,Cypher,Ascent,Loss,5,13,12,14,4,0.8571428571428571,188,Sentinel
197,6/19/2023,Cypher,Pearl,Loss,12,14,28,15,6,1.8666666666666667,293,Sentinel
198,6/20/2023,Cypher,Split,Win,13,7,10,13,5,0.7692307692307693,152,Sentinel
199,6/20/2023,Cypher,Haven,Loss,10,13,20,14,3,1.4285714285714286,230,Sentinel
200,6/20/2023,Cypher,Lotus,Loss,10,13,12,15,4,0.8,128,Sentinel
201,6/20/2023,Cypher,Split,Win,13,4,9,11,8,0.8181818181818182,177,Sentinel
202,6/21/2023,Cypher,Haven,Win,13,9,19,11,7,1.7272727272727273,228,Sentinel
203,6/21/2023,Cypher,Ascent,Loss,6,13,14,15,2,0.9333333333333333,186,Sentinel
204,6/21/2023,Cypher,Lotus,Loss,8,13,14,16,2,0.875,192,Sentinel
205,6/21/2023,Cypher,Haven,Win,15,13,12,15,6,0.8,140,Sentinel
206,6/24/2023,Cypher,Fracture,Win,13,7,20,11,1,1.8181818181818181,237,Sentinel
207,6/24/2023,Cypher,Lotus,Win,13,9,21,14,7,1.5,240,Sentinel
208,6/24/2023,Cypher,Bind,Loss,12,14,15,19,4,0.7894736842105263,169,Sentinel
209,6/24/2023,Brimstone,Pearl,Win,13,7,12,13,12,0.9230769230769231,186,Controller
210,6/25/2023,Cypher,Split,Win,13,8,10,15,12,0.6666666666666666,171,Sentinel
211,6/25/2023,Cypher,Split,Loss,6,13,10,18,3,0.5555555555555556,166,Sentinel
212,6/25/2023,Cypher,Bind,Win,13,4,14,7,5,2.0,220,Sentinel
213,6/25/2023,Cypher,Ascent,Win,13,8,10,11,7,0.9090909090909091,114,Sentinel
214,6/25/2023,Cypher,Haven,Loss,6,13,12,14,0,0.8571428571428571,161,Sentinel
215,6/25/2023,Cypher,Lotus,Loss,6,13,11,15,3,0.7333333333333333,170,Sentinel
216,6/25/2023,Cypher,Bind,Loss,12,14,16,21,3,0.7619047619047619,166,Sentinel
217,6/25/2023,Cypher,Split,Win,13,10,17,18,8,0.9444444444444444,215,Sentinel
218,6/25/2023,Cypher,Fracture,Win,13,11,17,14,5,1.2142857142857142,190,Sentinel
219,6/25/2023,Cypher,Pearl,Win,13,4,14,6,6,2.3333333333333335,203,Sentinel
220,6/25/2023,Cypher,Ascent,Loss,11,13,16,17,2,0.9411764705882353,162,Sentinel
221,6/26/2023,Cypher,Bind,Loss,10,13,13,19,7,0.6842105263157895,179,Sentinel
222,6/26/2023,Cypher,Split,Win,13,10,17,17,2,1.0,195,Sentinel
223,6/26/2023,Cypher,Split,Win,13,10,13,16,7,0.8125,169,Sentinel
224,6/26/2023,Cypher,Bind,Win,13,11,14,15,8,0.9333333333333333,172,Sentinel
225,6/27/2023,Killjoy,Fracture,Loss,11,13,18,16,3,1.125,180,Sentinel
226,6/27/2023,Killjoy,Ascent,Loss,10,13,16,18,5,0.8888888888888888,192,Sentinel
227,6/30/2023,Killjoy,Haven,Win,13,11,21,16,5,1.3125,256,Sentinel
228,6/30/2023,Killjoy,Fracture,Win,11,2,12,7,5,1.7142857142857142,297,Sentinel
229,6/30/2023,Killjoy,Split,Loss,6,13,17,13,2,1.3076923076923077,258,Sentinel
230,6/30/2023,Killjoy,Pearl,Win,14,12,14,22,5,0.6363636363636364,168,Sentinel
231,6/30/2023,Killjoy,Ascent,Loss,4,13,19,15,3,1.2666666666666666,349,Sentinel
232,7/5/2023,Killjoy,Haven,Loss,5,13,10,15,4,0.6666666666666666,170,Sentinel
233,7/5/2023,Cypher,Fracture,Loss,8,13,12,13,3,0.9230769230769231,146,Sentinel
234,7/5/2023,Cypher,Bind,Win,13,10,20,16,7,1.25,241,Sentinel
235,7/5/2023,Cypher,Lotus,Win,13,11,16,15,7,1.0666666666666667,189,Sentinel
236,7/6/2023,Cypher,Fracture,Win,13,3,10,6,2,1.6666666666666667,145,Sentinel
237,7/6/2023,Killjoy,Split,Win,13,11,20,17,6,1.1764705882352942,235,Sentinel
238,7/6/2023,Killjoy,Ascent,Loss,6,13,14,15,2,0.9333333333333333,211,Sentinel
239,7/6/2023,Cypher,Bind,Loss,10,13,26,16,6,1.625,306,Sentinel
240,7/6/2023,Killjoy,Haven,Win,13,8,12,16,6,0.75,188,Sentinel
241,7/7/2023,Killjoy,Fracture,Loss,10,13,14,17,7,0.8235294117647058,187,Sentinel
242,7/7/2023,Killjoy,Split,Win,13,6,14,12,7,1.1666666666666667,232,Sentinel
243,7/7/2023,Cypher,Lotus,Win,13,10,12,15,10,0.8,159,Sentinel
244,7/7/2023,Killjoy,Fracture,Loss,7,13,9,16,4,0.5625,152,Sentinel
245,7/7/2023,Killjoy,Haven,Win,13,6,15,13,3,1.1538461538461537,239,Sentinel
246,7/8/2023,Killjoy,Ascent,Loss,8,13,16,17,2,0.9411764705882353,200,Sentinel
247,7/8/2023,Killjoy,Split,Loss,10,13,22,14,3,1.5714285714285714,269,Sentinel
248,7/8/2023,Cypher,Lotus,Loss,12,14,14,18,3,0.7777777777777778,147,Sentinel
249,7/9/2023,Killjoy,Pearl,Loss,6,13,18,14,7,1.2857142857142858,264,Sentinel
250,7/9/2023,Killjoy,Split,Win,13,6,22,7,0,3.142857142857143,273,Sentinel
251,7/9/2023,Cypher,Fracture,Win,13,11,11,19,7,0.5789473684210527,140,Sentinel
252,7/9/2023,Killjoy,Haven,Win,13,11,20,15,4,1.3333333333333333,238,Sentinel
253,7/9/2023,Killjoy,Ascent,Loss,6,13,7,17,1,0.4117647058823529,121,Sentinel
254,7/10/2023,Cypher,Lotus,Win,13,5,8,8,8,1.0,131,Sentinel
255,7/10/2023,Cypher,Lotus,Loss,11,13,23,14,7,1.6428571428571428,272,Sentinel
256,7/10/2023,Cypher,Fracture,Win,13,2,11,9,6,1.2222222222222223,235,Sentinel
257,7/12/2023,Killjoy,Split,Win,13,10,25,12,4,2.0833333333333335,292,Sentinel
258,7/12/2023,Killjoy,Haven,Win,13,7,18,10,5,1.8,225,Sentinel
259,7/12/2023,Cypher,Bind,Loss,9,13,13,17,1,0.7647058823529411,161,Sentinel
260,7/12/2023,Killjoy,Pearl,Win,13,10,24,13,9,1.8461538461538463,307,Sentinel
261,7/13/2023,Killjoy,Split,Win,13,10,18,12,3,1.5,198,Sentinel
262,7/13/2023,Killjoy,Haven,Loss,2,13,7,14,1,0.5,152,Sentinel
263,7/13/2023,Cypher,Fracture,Loss,8,13,18,16,5,1.125,258,Sentinel
264,7/14/2023,Killjoy,Haven,Loss,10,13,14,17,7,0.8235294117647058,196,Sentinel
265,7/14/2023,Cypher,Bind,Loss,6,13,9,15,1,0.6,128,Sentinel
266,7/14/2023,Killjoy,Pearl,Loss,12,14,17,19,5,0.8947368421052632,193,Sentinel
267,7/14/2023,Killjoy,Split,Win,13,8,14,13,0,1.0769230769230769,171,Sentinel
268,7/14/2023,Cypher,Fracture,Loss,6,13,14,15,3,0.9333333333333333,209,Sentinel
269,7/14/2023,Killjoy,Ascent,Loss,9,13,9,18,2,0.5,144,Sentinel
270,7/14/2023,Cypher,Fracture,Win,13,10,18,16,6,1.125,224,Sentinel
271,7/14/2023,Cypher,Lotus,Loss,5,13,7,16,4,0.4375,136,Sentinel
272,7/14/2023,Cypher,Lotus,Loss,10,13,19,18,7,1.0555555555555556,231,Sentinel
273,7/15/2023,Killjoy,Haven,Loss,10,13,13,17,2,0.7647058823529411,159,Sentinel
274,7/15/2023,Cypher,Fracture,Loss,14,16,17,22,6,0.7727272727272727,175,Sentinel
275,7/16/2023,Killjoy,Ascent,Win,13,4,13,7,5,1.8571428571428572,193,Sentinel
276,7/16/2023,Killjoy,Pearl,Loss,12,14,18,19,7,0.9473684210526315,229,Sentinel
277,7/16/2023,Killjoy,Pearl,Win,13,10,19,11,3,1.7272727272727273,241,Sentinel
278,7/16/2023,Killjoy,Haven,Loss,4,13,7,14,0,0.5,117,Sentinel
279,7/17/2023,Killjoy,Ascent,Win,13,9,6,17,1,0.35294117647058826,80,Sentinel
280,7/17/2023,Cypher,Lotus,Win,13,7,19,11,4,1.7272727272727273,229,Sentinel
281,7/17/2023,Cypher,Lotus,Win,13,8,18,12,7,1.5,231,Sentinel
282,7/17/2023,Cypher,Fracture,Win,14,12,17,16,6,1.0625,204,Sentinel
283,7/17/2023,Cypher,Fracture,Loss,8,13,12,15,5,0.8,184,Sentinel
284,7/17/2023,Cypher,Bind,Win,13,3,12,9,5,1.3333333333333333,210,Sentinel
285,7/17/2023,Killjoy,Pearl,Win,13,5,17,7,3,2.4285714285714284,240,Sentinel
286,7/17/2023,Killjoy,Split,Loss,2,13,6,14,0,0.42857142857142855,156,Sentinel
287,7/18/2023,Killjoy,Haven,Loss,6,13,8,17,1,0.47058823529411764,145,Sentinel
288,7/18/2023,Cypher,Fracture,Win,13,3,8,7,4,1.1428571428571428,128,Sentinel
289,7/18/2023,Cypher,Pearl,Win,13,7,19,12,6,1.5833333333333333,264,Sentinel
290,7/18/2023,Cypher,Fracture,Win,13,2,13,6,3,2.1666666666666665,224,Sentinel
291,7/19/2023,Killjoy,Haven,Loss,9,13,18,16,4,1.125,226,Sentinel
292,7/19/2023,Cypher,Bind,Win,13,7,12,11,6,1.0909090909090908,177,Sentinel
293,7/19/2023,Killjoy,Pearl,Loss,5,13,9,16,4,0.5625,172,Sentinel
294,7/19/2023,Killjoy,Haven,Win,13,6,22,9,6,2.4444444444444446,330,Sentinel
295,7/19/2023,Cypher,Lotus,Loss,11,13,19,17,8,1.1176470588235294,250,Sentinel
296,7/20/2023,Cypher,Bind,Win,15,13,18,19,8,0.9473684210526315,206,Sentinel
297,7/20/2023,Brimstone,Ascent,Win,16,14,30,20,15,1.5,247,Controller
298,7/20/2023,Killjoy,Ascent,Loss,11,13,13,16,4,0.8125,154,Sentinel
299,7/20/2023,Cypher,Fracture,Win,13,7,22,13,12,1.6923076923076923,308,Sentinel
300,7/20/2023,Cypher,Lotus,Win,13,4,14,9,3,1.5555555555555556,308,Sentinel
301,7/20/2023,Killjoy,Haven,Win,17,15,28,20,3,1.4,241,Sentinel
302,7/22/2023,Cypher,Lotus,Loss,7,13,10,18,6,0.5555555555555556,137,Sentinel
303,7/22/2023,Cypher,Bind,Loss,11,13,19,16,3,1.1875,200,Sentinel
304,7/22/2023,Cypher,Fracture,Win,15,13,16,20,5,0.8,183,Sentinel
305,7/22/2023,Killjoy,Split,Win,13,2,18,7,6,2.5714285714285716,344,Sentinel
306,7/23/2023,Killjoy,Pearl,Loss,10,13,11,18,4,0.6111111111111112,162,Sentinel
307,7/23/2023,Cypher,Fracture,Loss,9,13,13,16,6,0.8125,172,Sentinel
308,7/23/2023,Cypher,Bind,Draw,14,14,16,20,6,0.8,154,Sentinel
309,7/24/2023,Killjoy,Split,Win,13,3,6,11,4,0.5454545454545454,109,Sentinel
310,7/24/2023,Cypher,Lotus,Win,13,11,19,15,4,1.2666666666666666,208,Sentinel
311,7/24/2023,Killjoy,Haven,Loss,9,13,18,15,4,1.2,206,Sentinel
312,7/24/2023,Killjoy,Pearl,Win,13,6,3,12,8,0.25,74,Sentinel
313,7/25/2023,Cypher,Fracture,Loss,14,16,20,25,10,0.8,196,Sentinel
314,7/25/2023,Killjoy,Pearl,Win,13,10,20,12,1,1.6666666666666667,239,Sentinel
315,7/25/2023,Cypher,Bind,Win,13,8,10,14,7,0.7142857142857143,155,Sentinel
316,7/26/2023,Cypher,Bind,Win,13,6,14,12,6,1.1666666666666667,215,Sentinel
317,7/26/2023,Killjoy,Ascent,Loss,4,13,6,14,1,0.42857142857142855,119,Sentinel
318,7/26/2023,Killjoy,Ascent,Loss,3,13,6,14,4,0.42857142857142855,135,Sentinel
319,7/26/2023,Killjoy,Split,Loss,13,15,21,18,2,1.1666666666666667,201,Sentinel
320,7/27/2023,Killjoy,Pearl,Win,13,6,20,12,3,1.6666666666666667,266,Sentinel
321,7/27/2023,Cypher,Lotus,Win,13,9,12,16,7,0.75,141,Sentinel
322,7/27/2023,Cypher,Bind,Win,13,11,16,14,3,1.1428571428571428,184,Sentinel
323,7/27/2023,Killjoy,Pearl,Loss,7,13,14,14,2,1.0,225,Sentinel
324,7/27/2023,Cypher,Fracture,Loss,8,13,10,17,8,0.5882352941176471,192,Sentinel
325,7/28/2023,Cypher,Lotus,Win,13,11,23,16,6,1.4375,269,Sentinel
326,7/28/2023,Killjoy,Haven,Win,13,3,16,5,4,3.2,260,Sentinel
327,7/28/2023,Killjoy,Split,Loss,6,13,14,14,2,1.0,198,Sentinel
328,7/29/2023,Killjoy,Split,Win,13,10,18,11,3,1.6363636363636365,218,Sentinel
329,7/29/2023,Killjoy,Haven,Loss,9,13,8,18,5,0.4444444444444444,143,Sentinel
330,7/29/2023,Cypher,Fracture,Win,13,8,15,11,9,1.3636363636363635,213,Sentinel
331,7/29/2023,Cypher,Fracture,Loss,13,15,25,19,5,1.3157894736842106,233,Sentinel
332,7/29/2023,Killjoy,Haven,Loss,7,13,21,15,0,1.4,286,Sentinel
333,7/30/2023,Cypher,Bind,Win,13,10,16,16,5,1.0,188,Sentinel
334,7/30/2023,Cypher,Lotus,Loss,8,13,7,13,3,0.5384615384615384,97,Sentinel
335,7/30/2023,Killjoy,Ascent,Win,13,9,20,13,6,1.5384615384615385,268,Sentinel
336,7/30/2023,Cypher,Lotus,Win,13,11,11,18,9,0.6111111111111112,147,Sentinel
337,7/30/2023,Killjoy,Pearl,Loss,13,15,8,22,1,0.36363636363636365,105,Sentinel
338,7/31/2023,Cypher,Pearl,Win,9,4,10,8,1,1.25,189,Sentinel
339,7/31/2023,Cypher,Fracture,Win,13,3,12,9,5,1.3333333333333333,219,Sentinel
340,7/31/2023,Killjoy,Haven,Loss,13,15,23,19,6,1.2105263157894737,208,Sentinel
341,8/2/2023,Cypher,Bind,Win,15,13,20,17,3,1.1764705882352942,204,Sentinel
342,8/2/2023,Cypher,Lotus,Win,13,5,17,8,8,2.125,234,Sentinel
343,8/3/2023,Killjoy,Pearl,Loss,7,13,10,15,3,0.6666666666666666,141,Sentinel
344,8/3/2023,Killjoy,Ascent,Loss,10,13,6,18,3,0.3333333333333333,96,Sentinel
345,8/3/2023,Cypher,Fracture,Win,13,2,11,9,9,1.2222222222222223,193,Sentinel
346,8/3/2023,Cypher,Bind,Win,13,8,13,11,6,1.1818181818181819,146,Sentinel
347,8/19/2023,Cypher,Lotus,Loss,11,13,16,17,7,0.9411764705882353,201,Sentinel
348,8/19/2023,Cypher,Lotus,Win,13,4,14,10,5,1.4,231,Sentinel
349,8/19/2023,Killjoy,Ascent,Loss,3,13,11,14,2,0.7857142857142857,216,Sentinel
350,8/19/2023,Cypher,Bind,Win,13,9,19,13,5,1.4615384615384615,236,Sentinel
351,8/19/2023,Killjoy,Split,Loss,11,13,16,15,2,1.0666666666666667,179,Sentinel
352,8/19/2023,Killjoy,Pearl,Win,14,12,22,21,5,1.0476190476190477,250,Sentinel
353,8/19/2023,Killjoy,Ascent,Win,13,11,18,14,5,1.2857142857142858,214,Sentinel
354,8/19/2023,Cypher,Fracture,Win,13,9,18,15,4,1.2,235,Sentinel
355,8/20/2023,Killjoy,Haven,Loss,11,13,21,19,5,1.105263157894737,245,Sentinel
356,8/20/2023,Cypher,Lotus,Win,13,10,16,13,5,1.2307692307692308,184,Sentinel
357,8/20/2023,Killjoy,Pearl,Loss,5,13,11,16,3,0.6875,185,Sentinel
358,8/20/2023,Cypher,Bind,Loss,5,13,13,15,5,0.8666666666666667,203,Sentinel
359,8/20/2023,Cypher,Lotus,Win,13,4,18,5,3,3.6,252,Sentinel
360,8/21/2023,Cypher,Fracture,Loss,6,13,16,16,3,1.0,248,Sentinel
361,8/21/2023,Killjoy,Pearl,Loss,6,13,13,16,3,0.8125,216,Sentinel
362,8/21/2023,Killjoy,Haven,Loss,12,14,13,16,6,0.8125,165,Sentinel
363,8/21/2023,Killjoy,Ascent,Win,13,4,9,10,3,0.9,145,Sentinel
364,8/22/2023,Killjoy,Ascent,Win,13,10,14,13,3,1.0769230769230769,163,Sentinel
365,8/22/2023,Cypher,Bind,Loss,10,13,20,17,2,1.1764705882352942,233,Sentinel
366,8/22/2023,Cypher,Lotus,Win,13,8,18,13,2,1.3846153846153846,224,Sentinel
367,8/22/2023,Killjoy,Haven,Win,13,8,23,11,2,2.090909090909091,276,Sentinel
368,8/22/2023,Killjoy,Haven,Loss,7,13,10,17,5,0.5882352941176471,159,Sentinel
369,8/23/2023,Killjoy,Split,Win,13,4,6,10,2,0.6,104,Sentinel
370,8/23/2023,Cypher,Lotus,Win,13,6,12,13,4,0.9230769230769231,196,Sentinel
371,8/23/2023,Killjoy,Ascent,Loss,4,13,12,16,4,0.75,220,Sentinel
372,8/23/2023,Killjoy,Split,Loss,13,15,14,18,6,0.7777777777777778,143,Sentinel
373,8/23/2023,Cypher,Lotus,Loss,6,13,14,17,2,0.8235294117647058,197,Sentinel
374,8/23/2023,Cypher,Fracture,Loss,12,14,15,19,11,0.7894736842105263,193,Sentinel
375,8/23/2023,Killjoy,Split,Loss,12,14,18,16,3,1.125,179,Sentinel
376,8/23/2023,Killjoy,Haven,Loss,4,13,13,17,2,0.7647058823529411,244,Sentinel
377,8/23/2023,Killjoy,Pearl,Win,13,8,18,12,3,1.5,240,Sentinel
378,8/24/2023,Killjoy,Ascent,Loss,6,13,9,13,2,0.6923076923076923,143,Sentinel
379,8/24/2023,Cypher,Bind,Loss,13,15,17,17,5,1.0,162,Sentinel
380,8/24/2023,Cypher,Bind,Loss,8,13,15,15,1,1.0,194,Sentinel
381,8/24/2023,Cypher,Lotus,Win,13,8,16,8,4,2.0,216,Sentinel
382,8/24/2023,Killjoy,Pearl,Win,13,6,16,14,4,1.1428571428571428,220,Sentinel
383,8/28/2023,Killjoy,Ascent,Win,13,7,18,12,0,1.5,231,Sentinel
384,8/28/2023,Killjoy,Ascent,Win,13,8,15,12,4,1.25,175,Sentinel
385,8/28/2023,Killjoy,Split,Loss,9,13,19,18,10,1.0555555555555556,269,Sentinel
386,8/30/2023,Cypher,Lotus,Loss,11,13,13,17,3,0.7647058823529411,142,Sentinel
387,8/30/2023,Killjoy,Haven,Win,13,5,17,9,4,1.8888888888888888,274,Sentinel
388,8/31/2023,Cypher,Lotus,Loss,4,13,6,14,1,0.42857142857142855,112,Sentinel
389,8/31/2023,Killjoy,Split,Win,13,3,14,8,4,1.75,227,Sentinel
390,8/31/2023,Killjoy,Breeze,Loss,9,13,12,18,7,0.6666666666666666,177,Sentinel
391,8/31/2023,Cypher,Bind,Loss,9,13,10,16,4,0.625,109,Sentinel
392,9/1/2023,Killjoy,Breeze,Loss,8,13,17,15,3,1.1333333333333333,248,Sentinel
393,9/1/2023,Cypher,Lotus,Win,13,9,13,16,8,0.8125,174,Sentinel
394,9/1/2023,Cypher,Lotus,Win,13,1,8,3,5,2.6666666666666665,140,Sentinel
395,9/1/2023,Cypher,Bind,Loss,12,14,13,20,7,0.65,157,Sentinel
396,9/7/2023,Killjoy,Ascent,Loss,8,13,17,15,4,1.1333333333333333,227,Sentinel
397,9/8/2023,Cypher,Sunset,Loss,3,13,5,14,2,0.35714285714285715,107,Sentinel
398,9/8/2023,Killjoy,Haven,Win,13,4,7,9,1,0.7777777777777778,118,Sentinel
399,9/8/2023,Cypher,Lotus,Win,13,7,24,10,2,2.4,319,Sentinel
400,9/8/2023,Killjoy,Haven,Loss,10,13,19,14,0,1.3571428571428572,218,Sentinel
401,9/8/2023,Cypher,Sunset,Win,15,13,20,17,8,1.1764705882352942,198,Sentinel
402,9/8/2023,Cypher,Bind,Draw,14,14,19,21,11,0.9047619047619048,207,Sentinel
403,9/8/2023,Killjoy,Ascent,Win,13,7,13,13,7,1.0,189,Sentinel
404,9/8/2023,Cypher,Sunset,Loss,9,13,11,19,5,0.5789473684210527,162,Sentinel
405,9/8/2023,Killjoy,Split,Loss,4,13,8,15,2,0.5333333333333333,164,Sentinel
406,9/8/2023,Cypher,Lotus,Loss,5,13,9,15,1,0.6,166,Sentinel
407,9/9/2023,Killjoy,Ascent,Loss,9,13,16,15,1,1.0666666666666667,192,Sentinel
408,9/9/2023,Cypher,Sunset,Loss,10,13,17,16,5,1.0625,183,Sentinel
409,9/9/2023,Cypher,Bind,Win,13,4,11,9,2,1.2222222222222223,145,Sentinel
410,9/9/2023,Killjoy,Haven,Loss,10,13,14,18,4,0.7777777777777778,192,Sentinel
411,9/10/2023,Cypher,Bind,Loss,5,13,12,13,1,0.9230769230769231,212,Sentinel
412,9/10/2023,Killjoy,Split,Win,13,8,24,10,6,2.4,325,Sentinel
413,9/10/2023,Killjoy,Split,Loss,9,13,17,18,6,0.9444444444444444,245,Sentinel
414,9/10/2023,Cypher,Breeze,Loss,6,13,17,16,4,1.0625,244,Sentinel
415,9/10/2023,Cypher,Sunset,Win,13,3,14,8,5,1.75,252,Sentinel
416,9/10/2023,Killjoy,Haven,Loss,11,13,26,18,6,1.4444444444444444,320,Sentinel
417,9/10/2023,Cypher,Bind,Win,13,11,25,17,7,1.4705882352941178,303,Sentinel
418,9/10/2023,Cypher,Haven,Win,13,7,13,12,7,1.0833333333333333,181,Sentinel
419,9/10/2023,Killjoy,Split,Loss,5,13,14,15,2,0.9333333333333333,220,Sentinel
420,9/10/2023,Killjoy,Ascent,Loss,10,13,19,15,5,1.2666666666666666,247,Sentinel
421,9/11/2023,Cypher,Breeze,Win,13,5,21,6,5,3.5,311,Sentinel
422,9/11/2023,Cypher,Sunset,Loss,2,13,6,14,1,0.42857142857142855,138,Sentinel
423,10/5/2023,Cypher,Breeze,Win,13,8,31,11,3,2.8181818181818183,381,Sentinel
424,10/5/2023,Cypher,Sunset,Win,13,5,15,9,3,1.6666666666666667,246,Sentinel
425,10/6/2023,Cypher,Bind,Win,13,8,13,14,5,0.9285714285714286,174,Sentinel
426,10/18/2023,Killjoy,Split,Loss,10,13,19,14,3,1.3571428571428572,241,Sentinel
427,10/19/2023,Cypher,Lotus,Loss,10,13,18,16,5,1.125,240,Sentinel
428,10/19/2023,Cypher,Breeze,Loss,7,13,16,14,3,1.1428571428571428,221,Sentinel
429,10/19/2023,Killjoy,Ascent,Win,14,12,17,16,6,1.0625,186,Sentinel
430,10/20/2023,Cypher,Sunset,Loss,12,14,12,20,8,0.6,149,Sentinel
431,10/27/2023,Cypher,Bind,Win,13,9,20,13,4,1.5384615384615385,242,Sentinel
432,10/27/2023,Killjoy,Haven,Win,13,11,17,16,4,1.0625,218,Sentinel
433,10/28/2023,Cypher,Lotus,Loss,13,15,23,20,2,1.15,226,Sentinel
434,10/31/2023,Killjoy,Ascent,Win,13,3,7,5,4,1.4,121,Sentinel
435,11/2/2023,Cypher,Breeze,Loss,11,13,18,17,2,1.0588235294117647,209,Sentinel
436,11/2/2023,Cypher,Sunset,Win,13,1,29,3,7,9.666666666666666,572,Sentinel
437,11/3/2023,Cypher,Lotus,Win,13,7,18,11,8,1.6363636363636365,244,Sentinel
438,11/3/2023,Cypher,Bind,Loss,10,13,16,16,5,1.0,188,Sentinel
439,11/4/2023,Killjoy,Haven,Win,13,7,7,13,2,0.5384615384615384,109,Sentinel
440,11/4/2023,Killjoy,Haven,Win,13,10,10,16,1,0.625,137,Sentinel
441,11/4/2023,Cypher,Breeze,Loss,4,13,12,16,1,0.75,205,Sentinel
442,11/4/2023,Cypher,Breeze,Loss,8,13,15,18,4,0.8333333333333334,202,Sentinel
443,11/4/2023,Killjoy,Ascent,Loss,8,13,13,15,5,0.8666666666666667,183,Sentinel
444,11/4/2023,Cypher,Lotus,Win,13,11,24,15,6,1.6,280,Sentinel
445,11/4/2023,Killjoy,Haven,Win,11,1,13,3,4,4.333333333333333,301,Sentinel
446,11/4/2023,Cypher,Sunset,Loss,6,13,16,17,3,0.9411764705882353,272,Sentinel
447,11/7/2023,Cypher,Breeze,Loss,6,13,11,18,1,0.6111111111111112,174,Sentinel
448,11/7/2023,Cypher,Breeze,Win,13,9,27,14,4,1.9285714285714286,334,Sentinel
449,11/7/2023,Killjoy,Ascent,Loss,9,13,19,15,5,1.2666666666666666,250,Sentinel
450,11/7/2023,Cypher,Sunset,Win,13,11,14,16,6,0.875,162,Sentinel
451,11/9/2023,Killjoy,Split,Win,13,7,15,10,7,1.5,233,Sentinel
452,11/9/2023,Cypher,Sunset,Win,15,13,21,22,7,0.9545454545454546,230,Sentinel
453,11/10/2023,Killjoy,Ascent,Loss,12,14,15,18,4,0.8333333333333334,157,Sentinel
454,11/10/2023,Cypher,Breeze,Win,13,9,23,15,4,1.5333333333333334,293,Sentinel
455,11/11/2023,Cypher,Bind,Loss,9,13,10,15,5,0.6666666666666666,107,Sentinel
456,11/12/2023,Cypher,Lotus,Loss,1,13,6,14,4,0.42857142857142855,144,Sentinel
457,11/14/2023,Killjoy,Haven,Loss,11,13,15,18,4,0.8333333333333334,208,Sentinel
458,11/15/2023,Cypher,Bind,Loss,9,13,17,16,5,1.0625,217,Sentinel
459,11/16/2023,Killjoy,Haven,Loss,8,13,19,16,3,1.1875,261,Sentinel
460,11/16/2023,Cypher,Split,Loss,11,13,11,19,8,0.5789473684210527,168,Sentinel
461,11/16/2023,Cypher,Breeze,Loss,9,13,14,15,2,0.9333333333333333,192,Sentinel
462,11/16/2023,Cypher,Split,Loss,11,13,22,19,7,1.1578947368421053,283,Sentinel
463,11/16/2023,Cypher,Lotus,Loss,11,13,24,16,11,1.5,281,Sentinel
464,11/16/2023,Killjoy,Ascent,Win,13,10,15,17,6,0.8823529411764706,240,Sentinel
465,11/18/2023,Killjoy,Haven,Win,15,13,26,16,3,1.625,271,Sentinel
466,11/18/2023,Cypher,Lotus,Win,5,0,6,0,2,6.0,294,Sentinel
467,11/18/2023,Cypher,Bind,Win,13,10,8,15,7,0.5333333333333333,120,Sentinel
468,11/18/2023,Cypher,Sunset,Loss,10,13,14,16,3,0.875,173,Sentinel
469,11/18/2023,Killjoy,Ascent,Win,13,5,21,8,4,2.625,316,Sentinel
470,11/18/2023,Killjoy,Haven,Win,13,10,18,16,3,1.125,217,Sentinel
471,11/19/2023,Cypher,Lotus,Loss,6,13,14,15,3,0.9333333333333333,225,Sentinel
472,11/19/2023,Cypher,Sunset,Win,13,6,15,11,4,1.3636363636363635,206,Sentinel
473,11/21/2023,Killjoy,Haven,Win,13,11,19,18,5,1.0555555555555556,240,Sentinel
474,11/25/2023,Killjoy,Ascent,Win,13,10,14,14,2,1.0,171,Sentinel
475,11/25/2023,Cypher,Lotus,Loss,10,13,16,16,2,1.0,170,Sentinel
476,11/25/2023,Killjoy,Ascent,Loss,8,13,14,15,6,0.9333333333333333,228,Sentinel
477,11/25/2023,Cypher,Bind,Loss,8,13,12,16,4,0.75,147,Sentinel
478,11/25/2023,Cypher,Breeze,Loss,10,13,16,14,4,1.1428571428571428,194,Sentinel
479,11/25/2023,Cypher,Lotus,Loss,7,13,12,17,4,0.7058823529411765,181,Sentinel
480,11/25/2023,Cypher,Bind,Win,13,9,19,15,7,1.2666666666666666,250,Sentinel
481,11/28/2023,Cypher,Sunset,Loss,10,13,13,16,5,0.8125,144,Sentinel
482,11/28/2023,Killjoy,Ascent,Win,13,10,19,12,4,1.5833333333333333,222,Sentinel
483,11/28/2023,Cypher,Bind,Win,13,4,15,11,2,1.3636363636363635,232,Sentinel
484,11/28/2023,Killjoy,Ascent,Loss,9,13,17,16,2,1.0625,212,Sentinel
485,11/29/2023,Cypher,Lotus,Win,14,12,15,17,11,0.8823529411764706,173,Sentinel
486,11/29/2023,Killjoy,Ascent,Win,13,6,19,12,2,1.5833333333333333,238,Sentinel
487,12/1/2023,Killjoy,Split,Loss,11,13,11,15,4,0.7333333333333333,152,Sentinel
488,12/2/2023,Cypher,Breeze,Loss,4,13,13,14,2,0.9285714285714286,232,Sentinel
489,12/2/2023,Cypher,Lotus,Loss,6,13,9,15,2,0.6,149,Sentinel
490,12/2/2023,Cypher,Sunset,Loss,12,14,28,18,4,1.5555555555555556,314,Sentinel
491,12/3/2023,Cypher,Lotus,Win,13,4,9,9,4,1.0,152,Sentinel
492,12/3/2023,Killjoy,Ascent,Win,13,3,6,9,6,0.6666666666666666,144,Sentinel
493,12/3/2023,Cypher,Breeze,Win,13,11,15,17,6,0.8823529411764706,182,Sentinel
494,12/4/2023,Cypher,Breeze,Win,13,6,22,9,3,2.4444444444444446,296,Sentinel
495,12/4/2023,Cypher,Sunset,Win,13,4,13,7,6,1.8571428571428572,207,Sentinel
496,12/5/2023,Cypher,Bind,Loss,10,13,18,14,2,1.2857142857142858,220,Sentinel
497,12/5/2023,Killjoy,Split,Loss,8,13,16,16,4,1.0,228,Sentinel
498,12/5/2023,Cypher,Bind,Loss,8,13,17,16,2,1.0625,247,Sentinel
499,12/5/2023,Cypher,Lotus,Win,13,9,27,10,5,2.7,299,Sentinel
500,12/7/2023,Killjoy,Haven,Loss,12,14,24,20,4,1.2,248,Sentinel
501,12/7/2023,Cypher,Sunset,Loss,13,15,22,16,3,1.375,219,Sentinel
502,12/7/2023,Killjoy,Ascent,Win,13,5,9,8,5,1.125,148,Sentinel
503,12/7/2023,Killjoy,Split,Loss,9,13,20,15,3,1.3333333333333333,246,Sentinel
504,12/8/2023,KAY/O,Bind,Loss,3,13,9,14,6,0.6428571428571429,155,Initiator
505,12/13/2023,Cypher,Haven,Win,13,5,16,10,2,1.6,230,Sentinel
506,12/13/2023,Cypher,Ascent,Loss,8,13,10,18,3,0.5555555555555556,135,Sentinel
507,12/13/2023,Cypher,Bind,Loss,10,13,15,18,5,0.8333333333333334,178,Sentinel
508,12/18/2023,Cypher,Sunset,Win,13,10,14,12,3,1.1666666666666667,170,Sentinel
509,12/19/2023,Cypher,Breeze,Win,16,14,34,17,3,2.0,299,Sentinel
510,12/20/2023,Cypher,Breeze,Win,13,8,16,13,3,1.2307692307692308,180,Sentinel
511,12/21/2023,Killjoy,Split,Loss,9,13,21,16,5,1.3125,254,Sentinel
512,12/29/2023,Cypher,Lotus,Win,13,3,6,8,5,0.75,103,Sentinel
513,12/30/2023,Cypher,Ascent,Win,13,4,22,6,3,3.6666666666666665,330,Sentinel
514,12/30/2023,Cypher,Sunset,Win,13,4,19,7,4,2.7142857142857144,284,Sentinel
515,12/31/2023,Brimstone,Bind,Loss,8,13,12,15,10,0.8,167,Controller
516,1/1/2024,Cypher,Breeze,Win,13,6,25,11,3,2.272727272727273,335,Sentinel
517,1/1/2024,Cypher,Ascent,Win,13,9,18,15,6,1.2,235,Sentinel
518,1/2/2024,Cypher,Sunset,Loss,6,13,10,15,8,0.6666666666666666,190,Sentinel
519,1/3/2024,Cypher,Bind,Win,13,7,10,9,5,1.1111111111111112,144,Sentinel
520,1/3/2024,Cypher,Haven,Win,13,11,18,13,6,1.3846153846153846,211,Sentinel
521,1/4/2024,Cypher,Lotus,Win,11,2,11,4,0,2.75,191,Sentinel
522,1/4/2024,Cypher,Haven,Loss,8,13,9,17,4,0.5294117647058824,119,Sentinel
523,1/4/2024,Cypher,Breeze,Loss,2,13,6,13,2,0.46153846153846156,137,Sentinel
524,1/5/2024,Cypher,Breeze,Loss,10,13,19,16,4,1.1875,236,Sentinel
525,1/6/2024,Cypher,Ascent,Loss,4,13,9,16,5,0.5625,172,Sentinel
526,1/6/2024,Cypher,Bind,Loss,8,13,17,14,6,1.2142857142857142,255,Sentinel
527,1/6/2024,Cypher,Haven,Win,13,8,20,11,1,1.8181818181818181,245,Sentinel
528,1/7/2024,Cypher,Split,Win,13,8,21,13,5,1.6153846153846154,263,Sentinel
529,1/7/2024,Cypher,Split,Loss,11,13,17,20,7,0.85,221,Sentinel
530,1/7/2024,Cypher,Ascent,Win,13,8,11,10,11,1.1,142,Sentinel
531,1/7/2024,Cypher,Ascent,Loss,11,13,14,20,7,0.7,169,Sentinel
532,1/7/2024,Cypher,Breeze,Win,13,11,15,13,7,1.1538461538461537,184,Sentinel
533,1/7/2024,Cypher,Bind,Loss,9,13,16,14,7,1.1428571428571428,217,Sentinel
534,1/7/2024,Cypher,Bind,Loss,12,14,9,22,3,0.4090909090909091,96,Sentinel
535,1/12/2024,Cypher,Icebox,Loss,5,13,15,12,4,1.25,222,Sentinel
536,1/13/2024,Cypher,Lotus,Loss,5,13,12,14,1,0.8571428571428571,167,Sentinel
537,1/13/2024,Cypher,Split,Loss,11,13,17,18,8,0.9444444444444444,211,Sentinel
538,1/15/2024,Cypher,Sunset,Loss,9,13,11,17,8,0.6470588235294118,168,Sentinel
539,1/15/2024,Cypher,Bind,Loss,8,13,19,17,7,1.1176470588235294,260,Sentinel
540,1/15/2024,Cypher,Bind,Loss,10,13,24,15,1,1.6,300,Sentinel
541,1/19/2024,Cypher,Sunset,Win,14,12,19,18,5,1.0555555555555556,202,Sentinel
542,1/19/2024,Cypher,Icebox,Loss,5,13,19,14,4,1.3571428571428572,280,Sentinel
543,1/26/2024,Cypher,Lotus,Loss,7,13,16,15,4,1.0666666666666667,223,Sentinel
544,1/26/2024,Cypher,Sunset,Win,14,12,17,17,13,1.0,207,Sentinel
545,1/26/2024,Cypher,Bind,Win,13,8,21,12,6,1.75,255,Sentinel
546,1/27/2024,Cypher,Lotus,Loss,10,13,27,16,0,1.6875,319,Sentinel
547,1/27/2024,Cypher,Icebox,Win,13,9,13,14,4,0.9285714285714286,146,Sentinel
548,2/2/2024,Cypher,Ascent,Loss,3,13,14,14,5,1.0,252,Sentinel
549,2/2/2024,Cypher,Bind,Loss,9,13,22,15,5,1.4666666666666666,283,Sentinel
550,2/2/2024,Cypher,Icebox,Win,13,5,18,7,4,2.5714285714285716,250,Sentinel
551,2/2/2024,Cypher,Breeze,Win,13,3,11,8,7,1.375,190,Sentinel
552,2/2/2024,Cypher,Lotus,Win,13,5,18,9,8,2.0,299,Sentinel
553,2/2/2024,Cypher,Breeze,Win,13,7,19,12,1,1.5833333333333333,226,Sentinel
554,2/3/2024,Cypher,Lotus,Loss,11,13,25,17,5,1.4705882352941178,278,Sentinel
555,2/3/2024,Cypher,Ascent,Loss,8,13,18,15,7,1.2,269,Sentinel
556,2/3/2024,Cypher,Icebox,Loss,9,13,19,15,3,1.2666666666666666,251,Sentinel
557,2/3/2024,Cypher,Bind,Win,13,9,22,14,7,1.5714285714285714,267,Sentinel
558,2/3/2024,Cypher,Split,Loss,10,13,21,17,6,1.2352941176470589,279,Sentinel
559,2/3/2024,Cypher,Icebox,Loss,11,13,22,17,3,1.2941176470588236,239,Sentinel
560,2/3/2024,Cypher,Split,Win,13,10,24,14,4,1.7142857142857142,269,Sentinel
561,2/3/2024,Cypher,Ascent,Win,13,10,19,14,7,1.3571428571428572,231,Sentinel
562,2/3/2024,Cypher,Sunset,Loss,11,13,16,17,7,0.9411764705882353,214,Sentinel
563,2/3/2024,Cypher,Bind,Win,13,9,13,13,4,1.0,178,Sentinel
564,2/3/2024,Cypher,Sunset,Win,13,9,12,16,3,0.75,150,Sentinel
565,2/4/2024,Cypher,Lotus,Win,13,10,7,14,5,0.5,82,Sentinel
566,2/4/2024,Cypher,Ascent,Win,13,8,20,11,4,1.8181818181818181,235,Sentinel
567,2/4/2024,Cypher,Bind,Win,13,8,20,14,4,1.4285714285714286,255,Sentinel
568,2/5/2024,Cypher,Ascent,Win,13,6,16,9,8,1.7777777777777777,216,Sentinel
569,2/5/2024,Cypher,Split,Win,13,11,18,14,4,1.2857142857142858,214,Sentinel
570,2/6/2024,Cypher,Sunset,Win,13,9,23,12,6,1.9166666666666667,282,Sentinel
571,2/6/2024,Cypher,Lotus,Win,14,12,17,16,8,1.0625,193,Sentinel
572,2/6/2024,Cypher,Icebox,Win,13,3,22,7,3,3.142857142857143,362,Sentinel
573,2/7/2024,Cypher,Breeze,Win,13,6,17,9,6,1.8888888888888888,214,Sentinel
574,2/7/2024,Cypher,Breeze,Win,13,8,20,12,4,1.6666666666666667,264,Sentinel
575,2/9/2024,Cypher,Split,Win,13,2,15,6,0,2.5,237,Sentinel
576,2/12/2024,Cypher,Split,Draw,15,15,18,18,5,1.0,159,Sentinel
577,2/13/2024,Cypher,Sunset,Win,13,11,14,17,3,0.8235294117647058,155,Sentinel
578,2/14/2024,Cypher,Ascent,Win,13,5,16,9,5,1.7777777777777777,241,Sentinel
579,2/14/2024,Cypher,Sunset,Win,13,4,13,11,5,1.1818181818181819,222,Sentinel
580,2/15/2024,Cypher,Ascent,Win,13,10,5,15,3,0.3333333333333333,67,Sentinel
581,2/15/2024,Cypher,Breeze,Win,13,5,22,12,4,1.8333333333333333,341,Sentinel
582,2/16/2024,Killjoy,Icebox,Loss,2,13,7,13,2,0.5384615384615384,147,Sentinel
583,2/16/2024,Cypher,Split,Loss,8,13,16,17,7,0.9411764705882353,234,Sentinel
584,2/16/2024,Cypher,Split,Loss,7,13,14,16,5,0.875,194,Sentinel
585,2/17/2024,Cypher,Ascent,Loss,12,14,21,16,4,1.3125,226,Sentinel
586,2/17/2024,Cypher,Sunset,Win,13,8,17,11,7,1.5454545454545454,250,Sentinel
587,2/17/2024,Killjoy,Icebox,Loss,8,13,16,17,2,0.9411764705882353,228,Sentinel
588,2/17/2024,Cypher,Icebox,Loss,6,13,8,14,5,0.5714285714285714,135,Sentinel
589,2/25/2024,Cypher,Ascent,Win,13,11,15,15,11,1.0,175,Sentinel
590,2/25/2024,Cypher,Split,Loss,11,13,14,15,1,0.9333333333333333,163,Sentinel
591,2/25/2024,Cypher,Lotus,Win,13,9,15,11,4,1.3636363636363635,200,Sentinel
592,2/29/2024,Cypher,Sunset,Loss,6,13,22,14,4,1.5714285714285714,328,Sentinel
593,2/29/2024,Cypher,Breeze,Loss,4,13,8,15,5,0.5333333333333333,147,Sentinel
594,2/29/2024,Cypher,Breeze,Win,13,9,15,15,3,1.0,182,Sentinel
595,2/29/2024,Cypher,Ascent,Loss,12,14,14,18,10,0.7777777777777778,177,Sentinel
596,2/29/2024,Cypher,Bind,Win,13,6,13,12,4,1.0833333333333333,196,Sentinel
597,3/1/2024,Cypher,Bind,Win,13,4,14,9,1,1.5555555555555556,225,Sentinel
598,3/1/2024,Cypher,Ascent,Win,13,10,24,13,2,1.8461538461538463,266,Sentinel
599,3/2/2024,Cypher,Icebox,Loss,6,13,10,16,5,0.625,171,Sentinel
600,3/2/2024,Cypher,Sunset,Loss,11,13,18,19,8,0.9473684210526315,224,Sentinel
601,3/2/2024,Cypher,Ascent,Win,14,12,18,14,10,1.2857142857142858,187,Sentinel
602,3/2/2024,Cypher,Split,Loss,10,13,16,17,1,0.9411764705882353,178,Sentinel
603,3/3/2024,Cypher,Bind,Win,13,10,15,14,5,1.0714285714285714,207,Sentinel
604,3/3/2024,Cypher,Lotus,Win,13,10,14,15,8,0.9333333333333333,204,Sentinel
605,3/3/2024,Cypher,Sunset,Win,13,5,14,8,6,1.75,204,Sentinel
606,3/3/2024,Cypher,Icebox,Win,13,1,3,7,2,0.42857142857142855,80,Sentinel
607,3/3/2024,Cypher,Ascent,Win,13,10,17,15,13,1.1333333333333333,212,Sentinel
608,3/4/2024,Cypher,Lotus,Loss,7,13,7,16,12,0.4375,133,Sentinel
609,3/5/2024,Cypher,Breeze,Loss,11,13,18,17,4,1.0588235294117647,226,Sentinel
610,3/7/2024,Cypher,Split,Win,13,10,19,15,7,1.2666666666666666,257,Sentinel
611,3/8/2024,Cypher,Bind,Win,13,11,12,16,3,0.75,142,Sentinel
612,3/8/2024,Cypher,Split,Win,13,9,18,10,9,1.8,223,Sentinel
613,3/9/2024,Viper,Icebox,Draw,15,15,23,20,6,1.15,203,Controller
614,3/10/2024,Cypher,Ascent,Loss,12,14,13,19,6,0.6842105263157895,157,Sentinel
615,3/10/2024,Cypher,Bind,Loss,10,13,15,18,4,0.8333333333333334,184,Sentinel
616,3/10/2024,Cypher,Lotus,Win,15,13,22,16,5,1.375,232,Sentinel
617,3/11/2024,Cypher,Lotus,Loss,10,13,7,17,10,0.4117647058823529,106,Sentinel
618,3/11/2024,Cypher,Breeze,Win,13,10,22,20,5,1.1,269,Sentinel
619,3/11/2024,Cypher,Split,Win,13,11,13,15,4,0.8666666666666667,154,Sentinel
620,3/12/2024,Cypher,Bind,Win,13,10,11,15,10,0.7333333333333333,161,Sentinel
621,3/13/2024,Cypher,Bind,Win,13,6,15,10,7,1.5,202,Sentinel
622,3/13/2024,Cypher,Ascent,Win,13,6,18,11,8,1.6363636363636365,261,Sentinel
623,3/14/2024,Cypher,Ascent,Win,15,13,12,20,6,0.6,116,Sentinel
624,3/15/2024,Cypher,Split,Loss,7,13,7,18,3,0.3888888888888889,119,Sentinel
625,3/15/2024,Cypher,Split,Loss,8,13,15,16,5,0.9375,208,Sentinel
626,3/16/2024,Cypher,Sunset,Win,14,12,24,20,6,1.2,273,Sentinel
627,3/16/2024,Cypher,Bind,Win,13,6,13,11,1,1.1818181818181819,170,Sentinel
628,3/16/2024,Cypher,Lotus,Win,13,1,15,6,3,2.5,289,Sentinel
629,3/16/2024,Cypher,Breeze,Win,13,3,13,8,2,1.625,221,Sentinel
630,3/17/2024,Cypher,Breeze,Win,14,12,18,17,3,1.0588235294117647,186,Sentinel
631,3/17/2024,Cypher,Ascent,Loss,2,13,7,13,0,0.5384615384615384,150,Sentinel
632,3/17/2024,Cypher,Split,Loss,8,13,11,15,2,0.7333333333333333,148,Sentinel
633,3/17/2024,Cypher,Ascent,Win,14,12,15,19,12,0.7894736842105263,192,Sentinel
634,3/18/2024,Cypher,Sunset,Loss,9,13,17,16,3,1.0625,195,Sentinel
635,3/18/2024,Cypher,Ascent,Win,12,7,17,12,9,1.4166666666666667,242,Sentinel
636,3/19/2024,Cypher,Bind,Loss,9,13,20,15,5,1.3333333333333333,245,Sentinel
637,3/19/2024,Cypher,Lotus,Win,13,7,21,9,3,2.3333333333333335,272,Sentinel
638,3/20/2024,Cypher,Lotus,Loss,11,13,7,17,6,0.4117647058823529,93,Sentinel
639,3/20/2024,Cypher,Breeze,Win,13,8,17,10,2,1.7,188,Sentinel
640,3/21/2024,Cypher,Sunset,Win,13,6,11,11,4,1.0,159,Sentinel
641,3/21/2024,Cypher,Sunset,Loss,9,13,15,15,1,1.0,184,Sentinel
642,3/21/2024,Cypher,Ascent,Loss,6,13,13,16,3,0.8125,173,Sentinel
643,3/21/2024,Cypher,Split,Loss,1,13,2,13,5,0.15384615384615385,72,Sentinel
644,3/21/2024,Cypher,Split,Win,13,2,12,5,3,2.4,189,Sentinel
645,3/21/2024,Cypher,Breeze,Loss,11,13,24,14,4,1.7142857142857142,267,Sentinel
646,3/21/2024,Cypher,Ascent,Loss,11,13,13,15,7,0.8666666666666667,157,Sentinel
647,3/22/2024,Cypher,Lotus,Loss,15,17,26,25,8,1.04,233,Sentinel
648,3/22/2024,Viper,Icebox,Win,15,13,23,19,13,1.2105263157894737,238,Controller
649,3/22/2024,Cypher,Breeze,Win,13,7,14,11,3,1.2727272727272727,177,Sentinel
650,3/22/2024,Viper,Icebox,Win,13,10,7,19,6,0.3684210526315789,104,Controller
651,3/22/2024,Cypher,Bind,Win,13,8,25,13,8,1.9230769230769231,314,Sentinel
652,3/23/2024,Cypher,Ascent,Loss,11,13,11,17,2,0.6470588235294118,147,Sentinel
653,3/24/2024,Cypher,Sunset,Loss,5,13,8,15,2,0.5333333333333333,143,Sentinel
654,3/24/2024,Cypher,Lotus,Win,13,4,9,8,3,1.125,137,Sentinel
655,3/26/2024,Cypher,Breeze,Loss,4,13,14,13,2,1.0769230769230769,241,Sentinel
656,3/26/2024,Cypher,Bind,Loss,4,13,7,15,0,0.4666666666666667,135,Sentinel
657,3/26/2024,Viper,Icebox,Loss,6,13,11,16,4,0.6875,152,Controller
658,3/26/2024,Cypher,Split,Loss,10,13,18,19,5,0.9473684210526315,248,Sentinel
659,3/27/2024,Cypher,Ascent,Win,13,10,22,14,5,1.5714285714285714,253,Sentinel
660,3/27/2024,Cypher,Sunset,Loss,5,13,13,13,2,1.0,200,Sentinel
661,3/27/2024,Viper,Icebox,Loss,4,13,6,13,5,0.46153846153846156,111,Controller
662,3/28/2024,Cypher,Lotus,Win,14,12,21,19,4,1.105263157894737,224,Sentinel
663,3/29/2024,Cypher,Breeze,Win,13,6,13,9,8,1.4444444444444444,205,Sentinel
664,4/4/2024,Cypher,Split,Loss,6,13,11,16,5,0.6875,196,Sentinel
665,4/4/2024,Viper,Icebox,Loss,9,13,13,17,3,0.7647058823529411,181,Controller
666,4/14/2024,Cypher,Split,Loss,7,13,16,13,3,1.2307692307692308,237,Sentinel
667,4/14/2024,Cypher,Ascent,Loss,7,13,9,16,6,0.5625,147,Sentinel
668,4/14/2024,Viper,Icebox,Loss,2,13,13,13,3,1.0,262,Controller
669,5/21/2024,Cypher,Bind,Loss,4,13,8,17,3,0.47058823529411764,158,Sentinel
670,5/21/2024,Cypher,Lotus,Win,10,2,9,6,4,1.5,172,Sentinel
671,5/23/2024,Cypher,Sunset,Win,13,6,11,14,4,0.7857142857142857,160,Sentinel
672,5/23/2024,Cypher,Bind,Loss,14,16,17,21,6,0.8095238095238095,158,Sentinel
673,5/24/2024,Cypher,Sunset,Loss,12,14,21,19,6,1.105263157894737,234,Sentinel
674,5/24/2024,Killjoy,Lotus,Loss,11,13,10,19,6,0.5263157894736842,143,Sentinel
675,5/24/2024,Cypher,Ascent,Win,13,3,16,6,1,2.6666666666666665,264,Sentinel
676,5/24/2024,Viper,Icebox,Win,13,7,15,15,6,1.0,217,Controller
677,5/31/2024,Cypher,Breeze,Loss,4,13,16,14,4,1.1428571428571428,272,Sentinel
678,5/31/2024,Cypher,Bind,Loss,9,13,19,18,4,1.0555555555555556,261,Sentinel
679,5/31/2024,Cypher,Ascent,Loss,12,14,19,14,5,1.3571428571428572,192,Sentinel
680,6/1/2024,Cypher,Bind,Loss,7,13,22,14,4,1.5714285714285714,297,Sentinel
681,6/1/2024,Viper,Icebox,Win,13,11,12,17,7,0.7058823529411765,152,Controller
682,6/1/2024,Cypher,Ascent,Win,13,11,22,15,9,1.4666666666666666,251,Sentinel
683,6/2/2024,Cypher,Sunset,Loss,10,13,17,15,3,1.1333333333333333,187,Sentinel
684,6/2/2024,Viper,Icebox,Win,13,4,16,7,5,2.2857142857142856,266,Controller
685,6/2/2024,Cypher,Breeze,Win,7,0,10,3,4,3.3333333333333335,407,Sentinel
686,6/3/2024,Cypher,Sunset,Win,13,6,17,13,2,1.3076923076923077,252,Sentinel
687,6/3/2024,Cypher,Split,Loss,5,13,15,14,3,1.0714285714285714,227,Sentinel
688,6/3/2024,Cypher,Ascent,Loss,8,13,17,15,7,1.1333333333333333,260,Sentinel
689,6/3/2024,Cypher,Ascent,Loss,7,13,15,17,4,0.8823529411764706,197,Sentinel
690,6/5/2024,Viper,Icebox,Loss,12,14,23,18,5,1.2777777777777777,254,Controller
691,6/5/2024,Omen,Sunset,Win,13,9,11,14,4,0.7857142857142857,139,Controller
692,6/6/2024,Cypher,Breeze,Win,14,12,16,18,7,0.8888888888888888,177,Sentinel
693,6/8/2024,Omen,Sunset,Win,13,11,13,20,7,0.65,166,Controller
694,6/8/2024,Cypher,Ascent,Loss,10,13,22,16,6,1.375,270,Sentinel
695,6/8/2024,Cypher,Bind,Win,13,6,23,8,6,2.875,306,Sentinel
696,6/8/2024,Cypher,Split,Win,13,9,22,15,3,1.4666666666666666,299,Sentinel
697,6/8/2024,Killjoy,Lotus,Loss,6,13,10,15,5,0.6666666666666666,198,Sentinel
698,6/8/2024,Cypher,Bind,Win,13,11,20,14,6,1.4285714285714286,252,Sentinel
699,6/8/2024,Cypher,Breeze,Win,13,8,16,13,9,1.2307692307692308,214,Sentinel
700,6/9/2024,Killjoy,Lotus,Loss,10,13,11,17,5,0.6470588235294118,161,Sentinel
701,6/9/2024,Viper,Icebox,Win,13,6,15,13,7,1.1538461538461537,236,Controller
702,6/10/2024,Cypher,Breeze,Loss,4,13,10,14,1,0.7142857142857143,167,Sentinel
703,6/10/2024,Cypher,Ascent,Loss,4,13,9,13,2,0.6923076923076923,172,Sentinel
704,6/10/2024,Cypher,Split,Loss,8,13,20,15,5,1.3333333333333333,248,Sentinel
705,6/10/2024,Viper,Icebox,Win,13,6,16,10,5,1.6,238,Controller
706,6/10/2024,Cypher,Bind,Loss,10,13,14,16,7,0.875,194,Sentinel
707,6/11/2024,Cypher,Sunset,Win,13,10,24,12,3,2.0,277,Sentinel
708,6/12/2024,Cypher,Haven,Win,13,11,18,14,4,1.2857142857142858,212,Sentinel
709,6/12/2024,Cypher,Sunset,Win,5,1,3,2,2,1.5,134,Sentinel
710,6/12/2024,Cypher,Lotus,Loss,8,13,18,16,6,1.125,282,Sentinel
711,6/12/2024,Cypher,Ascent,Win,13,7,18,10,2,1.8,200,Sentinel
712,6/13/2024,Cypher,Lotus,Loss,8,13,14,18,4,0.7777777777777778,173,Sentinel
713,6/13/2024,Cypher,Sunset,Win,14,12,22,15,4,1.4666666666666666,231,Sentinel
714,6/13/2024,Cypher,Bind,Win,13,9,17,15,9,1.1333333333333333,214,Sentinel
715,6/13/2024,Cypher,Sunset,Win,13,4,22,7,6,3.142857142857143,352,Sentinel
716,6/13/2024,Viper,Icebox,Loss,1,13,10,14,1,0.7142857142857143,209,Controller
717,6/14/2024,Cypher,Haven,Win,13,7,8,14,3,0.5714285714285714,131,Sentinel
718,6/14/2024,Cypher,Haven,Loss,2,13,5,14,3,0.35714285714285715,126,Sentinel
719,6/20/2024,Cypher,Bind,Win,13,4,10,7,5,1.4285714285714286,154,Sentinel
720,6/21/2024,Cypher,Sunset,Loss,6,13,10,15,3,0.6666666666666666,149,Sentinel
721,6/22/2024,Cypher,Ascent,Win,13,6,17,9,0,1.8888888888888888,216,Sentinel
722,6/22/2024,Cypher,Sunset,Loss,6,13,13,17,2,0.7647058823529411,222,Sentinel
723,6/22/2024,Cypher,Sunset,Win,13,9,12,17,3,0.7058823529411765,146,Sentinel
724,6/22/2024,Cypher,Lotus,Loss,1,13,7,14,4,0.5,166,Sentinel
725,6/22/2024,Cypher,Icebox,Loss,11,13,15,17,4,0.8823529411764706,176,Sentinel
726,6/22/2024,Cypher,Sunset,Win,13,11,19,17,4,1.1176470588235294,234,Sentinel
727,6/22/2024,Cypher,Icebox,Win,14,12,26,13,3,2.0,278,Sentinel
728,6/22/2024,Cypher,Lotus,Loss,11,13,9,19,5,0.47368421052631576,114,Sentinel
729,6/22/2024,Cypher,Ascent,Loss,11,13,20,19,8,1.0526315789473684,245,Sentinel
730,6/23/2024,Cypher,Bind,Loss,11,13,13,17,3,0.7647058823529411,150,Sentinel
731,6/23/2024,Cypher,Haven,Win,13,9,17,16,5,1.0625,222,Sentinel
732,6/23/2024,Cypher,Ascent,Win,13,7,19,11,3,1.7272727272727273,266,Sentinel
733,6/23/2024,Cypher,Lotus,Win,13,9,24,13,4,1.8461538461538463,285,Sentinel
734,6/24/2024,Cypher,Icebox,Loss,11,13,17,14,4,1.2142857142857142,181,Sentinel
735,6/24/2024,Cypher,Icebox,Loss,9,13,25,13,2,1.9230769230769231,318,Sentinel
736,6/24/2024,Cypher,Haven,Loss,9,13,14,13,1,1.0769230769230769,160,Sentinel
737,6/25/2024,Cypher,Sunset,Win,13,6,19,7,5,2.7142857142857144,272,Sentinel
738,6/25/2024,Cypher,Bind,Win,13,8,12,12,2,1.0,154,Sentinel
739,6/25/2024,Cypher,Ascent,Win,13,11,17,14,3,1.2142857142857142,185,Sentinel
740,6/25/2024,Cypher,Ascent,Win,13,10,17,15,7,1.1333333333333333,223,Sentinel
741,6/25/2024,Cypher,Bind,Win,13,10,22,15,4,1.4666666666666666,263,Sentinel
742,6/25/2024,Cypher,Ascent,Loss,8,13,15,16,3,0.9375,235,Sentinel
743,6/26/2024,Cypher,Abyss,Win,13,5,9,8,5,1.125,147,Sentinel
744,6/26/2024,Cypher,Lotus,Loss,10,13,23,15,10,1.5333333333333334,280,Sentinel
745,6/26/2024,Cypher,Haven,Win,14,12,20,21,9,0.9523809523809523,218,Sentinel
746,6/26/2024,Cypher,Abyss,Win,13,9,15,13,3,1.1538461538461537,190,Sentinel
747,6/26/2024,Cypher,Bind,Loss,9,13,16,18,5,0.8888888888888888,206,Sentinel
748,6/27/2024,Cypher,Lotus,Loss,11,13,21,14,3,1.5,254,Sentinel
749,6/27/2024,Cypher,Bind,Draw,15,15,35,21,4,1.6666666666666667,311,Sentinel
750,7/1/2024,Cypher,Icebox,Loss,5,13,11,15,1,0.7333333333333333,194,Sentinel
751,7/5/2024,Cypher,Ascent,Loss,1,13,9,13,1,0.6923076923076923,170,Sentinel
752,7/5/2024,Cypher,Abyss,Win,13,6,19,10,9,1.9,285,Sentinel
753,7/6/2024,Cypher,Haven,Win,13,5,16,10,3,1.6,214,Sentinel
754,7/7/2024,Cypher,Lotus,Win,14,12,24,18,6,1.3333333333333333,269,Sentinel
755,7/7/2024,Cypher,Sunset,Win,13,1,12,3,7,4.0,226,Sentinel
756,7/8/2024,Cypher,Icebox,Loss,11,13,16,15,6,1.0666666666666667,165,Sentinel
757,7/8/2024,Cypher,Icebox,Loss,4,13,6,13,5,0.46153846153846156,134,Sentinel
758,7/8/2024,Cypher,Sunset,Win,13,1,14,5,3,2.8,203,Sentinel
759,7/8/2024,Cypher,Bind,Loss,6,13,15,14,4,1.0714285714285714,216,Sentinel
760,7/20/2024,Cypher,Haven,Win,14,12,20,16,6,1.25,205,Sentinel
761,7/20/2024,Cypher,Lotus,Win,13,11,21,14,4,1.5,226,Sentinel
762,7/21/2024,Cypher,Abyss,Win,13,10,19,16,7,1.1875,226,Sentinel
763,7/21/2024,Cypher,Haven,Loss,10,13,15,18,2,0.8333333333333334,197,Sentinel
764,7/21/2024,Cypher,Haven,Loss,8,13,8,18,2,0.4444444444444444,106,Sentinel
765,7/22/2024,Cypher,Bind,Loss,11,13,19,19,7,1.0,244,Sentinel
766,7/22/2024,Cypher,Abyss,Win,13,7,17,11,1,1.5454545454545454,232,Sentinel
767,7/23/2024,Cypher,Icebox,Win,13,10,15,17,7,0.8823529411764706,206,Sentinel
768,7/23/2024,Cypher,Icebox,Win,14,12,10,19,4,0.5263157894736842,113,Sentinel
769,7/24/2024,Cypher,Ascent,Win,13,8,16,13,5,1.2307692307692308,196,Sentinel
770,7/24/2024,Cypher,Haven,Loss,12,14,21,18,5,1.1666666666666667,258,Sentinel
771,7/24/2024,Cypher,Sunset,Loss,5,13,8,15,3,0.5333333333333333,133,Sentinel
772,7/25/2024,Cypher,Bind,Loss,10,13,19,15,4,1.2666666666666666,216,Sentinel
773,7/25/2024,Cypher,Sunset,Loss,11,13,8,16,3,0.5,92,Sentinel
774,7/26/2024,Cypher,Ascent,Win,13,8,20,10,3,2.0,248,Sentinel
775,7/26/2024,Cypher,Lotus,Win,13,10,22,14,5,1.5714285714285714,262,Sentinel
776,7/27/2024,Cypher,Abyss,Win,14,12,22,17,10,1.2941176470588236,251,Sentinel
777,7/28/2024,Killjoy,Icebox,Win,13,9,22,12,2,1.8333333333333333,273,Sentinel
778,7/29/2024,Cypher,Abyss,Loss,4,13,16,15,2,1.0666666666666667,281,Sentinel
779,7/29/2024,Cypher,Bind,Loss,7,13,10,15,3,0.6666666666666666,148,Sentinel
780,7/30/2024,Cypher,Ascent,Loss,10,13,17,16,8,1.0625,229,Sentinel
781,7/30/2024,Cypher,Haven,Win,13,8,18,13,6,1.3846153846153846,235,Sentinel
782,7/30/2024,Killjoy,Icebox,Win,13,3,12,7,3,1.7142857142857142,200,Sentinel
783,7/31/2024,Cypher,Haven,Loss,11,13,25,16,2,1.5625,286,Sentinel
784,7/31/2024,Cypher,Abyss,Win,13,2,10,7,0,1.4285714285714286,156,Sentinel
785,8/2/2024,Cypher,Bind,Win,14,12,21,16,3,1.3125,214,Sentinel
786,8/2/2024,Cypher,Abyss,Loss,12,14,12,17,11,0.7058823529411765,167,Sentinel
787,8/2/2024,Fade,Bind,Win,13,10,12,14,6,0.8571428571428571,152,Initiator
788,8/3/2024,Cypher,Ascent,Loss,10,13,10,17,7,0.5882352941176471,153,Sentinel
789,8/3/2024,Cypher,Sunset,Draw,15,15,19,20,7,0.95,181,Sentinel
790,8/4/2024,Cypher,Ascent,Win,13,10,15,14,9,1.0714285714285714,181,Sentinel
791,8/4/2024,Cypher,Haven,Loss,7,13,11,16,5,0.6875,149,Sentinel
792,8/4/2024,Cypher,Haven,Loss,5,13,11,13,2,0.8461538461538461,168,Sentinel
793,8/4/2024,Cypher,Lotus,Loss,9,13,19,17,5,1.1176470588235294,255,Sentinel
794,8/4/2024,Cypher,Ascent,Loss,12,14,20,16,4,1.25,215,Sentinel
795,8/5/2024,Cypher,Ascent,Win,13,9,22,12,6,1.8333333333333333,277,Sentinel
796,8/5/2024,Cypher,Lotus,Win,14,12,22,14,7,1.5714285714285714,228,Sentinel
797,8/6/2024,Cypher,Sunset,Loss,10,13,15,14,2,1.0714285714285714,181,Sentinel
798,8/6/2024,Cypher,Lotus,Win,13,7,13,13,4,1.0,184,Sentinel
799,8/6/2024,Cypher,Sunset,Loss,8,13,16,17,4,0.9411764705882353,226,Sentinel
800,8/6/2024,Cypher,Bind,Win,13,5,21,8,5,2.625,297,Sentinel
801,8/7/2024,Cypher,Abyss,Win,13,10,15,13,7,1.1538461538461537,183,Sentinel
802,8/7/2024,Cypher,Abyss,Win,13,9,23,11,7,2.090909090909091,287,Sentinel
803,8/7/2024,Killjoy,Icebox,Loss,3,13,10,13,1,0.7692307692307693,187,Sentinel
804,8/7/2024,Cypher,Bind,Win,13,8,25,12,4,2.0833333333333335,298,Sentinel
805,8/7/2024,Cypher,Sunset,Loss,3,13,8,14,2,0.5714285714285714,149,Sentinel
806,8/7/2024,Cypher,Haven,Win,13,5,9,11,10,0.8181818181818182,182,Sentinel
807,8/7/2024,Killjoy,Icebox,Loss,7,13,13,16,3,0.8125,189,Sentinel
808,8/7/2024,Cypher,Ascent,Win,13,11,12,16,8,0.75,146,Sentinel
809,8/8/2024,Killjoy,Icebox,Win,13,8,15,10,1,1.5,188,Sentinel
810,8/8/2024,Cypher,Abyss,Win,13,11,17,15,2,1.1333333333333333,178,Sentinel
811,8/9/2024,Killjoy,Icebox,Loss,11,13,13,17,2,0.7647058823529411,181,Sentinel
812,8/9/2024,Killjoy,Lotus,Loss,7,13,5,15,2,0.3333333333333333,103,Sentinel
813,8/9/2024,Cypher,Ascent,Loss,12,14,18,18,8,1.0,194,Sentinel
814,8/9/2024,Cypher,Sunset,Win,13,4,16,7,4,2.2857142857142856,237,Sentinel
815,8/10/2024,Cypher,Haven,Win,13,4,10,7,3,1.4285714285714286,131,Sentinel
816,8/11/2024,Killjoy,Ascent,Loss,9,13,14,19,4,0.7368421052631579,200,Sentinel
817,8/11/2024,Cypher,Haven,Loss,0,13,3,13,5,0.23076923076923078,115,Sentinel
818,8/11/2024,Killjoy,Ascent,Loss,11,13,18,15,5,1.2,207,Sentinel
819,8/11/2024,Cypher,Bind,Loss,7,13,9,17,4,0.5294117647058824,136,Sentinel
820,8/12/2024,Killjoy,Lotus,Loss,4,13,4,16,3,0.25,138,Sentinel
821,8/12/2024,Cypher,Bind,Loss,7,13,11,14,3,0.7857142857142857,157,Sentinel
822,8/13/2024,Cypher,Abyss,Loss,3,13,13,13,2,1.0,210,Sentinel
823,8/13/2024,Killjoy,Haven,Loss,5,13,11,12,0,0.9166666666666666,156,Sentinel
824,8/13/2024,Killjoy,Icebox,Loss,6,13,15,13,1,1.1538461538461537,200,Sentinel
825,8/13/2024,Killjoy,Ascent,Win,13,10,17,14,2,1.2142857142857142,213,Sentinel
826,8/13/2024,Cypher,Sunset,Loss,11,13,16,19,3,0.8421052631578947,180,Sentinel
827,8/14/2024,Cypher,Abyss,Win,13,11,20,16,3,1.25,227,Sentinel
828,8/14/2024,Killjoy,Ascent,Loss,7,13,10,17,5,0.5882352941176471,187,Sentinel
829,8/14/2024,Cypher,Bind,Loss,11,13,17,16,3,1.0625,206,Sentinel
830,8/14/2024,Cypher,Bind,Loss,11,13,22,13,2,1.6923076923076923,234,Sentinel
831,8/14/2024,Cypher,Sunset,Loss,13,15,18,20,9,0.9,202,Sentinel
832,8/14/2024,Killjoy,Lotus,Loss,8,13,19,18,4,1.0555555555555556,286,Sentinel
833,8/14/2024,Cypher,Abyss,Loss,14,16,33,17,5,1.9411764705882353,307,Sentinel
834,8/14/2024,Cypher,Ascent,Loss,8,13,12,16,6,0.75,169,Sentinel
835,8/15/2024,Cypher,Abyss,Win,13,9,18,13,3,1.3846153846153846,218,Sentinel
836,8/15/2024,Killjoy,Haven,Loss,9,13,11,18,2,0.6111111111111112,148,Sentinel
837,8/15/2024,Killjoy,Haven,Win,13,11,18,13,1,1.3846153846153846,218,Sentinel
838,8/15/2024,Killjoy,Lotus,Win,13,4,18,6,2,3.0,278,Sentinel
839,8/15/2024,Killjoy,Haven,Win,14,12,23,18,3,1.2777777777777777,245,Sentinel
840,8/15/2024,Killjoy,Icebox,Win,13,9,16,14,2,1.1428571428571428,187,Sentinel
841,8/16/2024,Killjoy,Lotus,Loss,10,13,18,18,3,1.0,230,Sentinel
842,8/16/2024,Cypher,Bind,Win,13,7,12,15,7,0.8,177,Sentinel
843,8/16/2024,Killjoy,Ascent,Loss,5,13,21,14,2,1.5,338,Sentinel
844,8/16/2024,Killjoy,Icebox,Win,13,6,19,7,1,2.7142857142857144,235,Sentinel
845,8/17/2024,Cypher,Sunset,Win,13,5,16,8,3,2.0,241,Sentinel
846,8/17/2024,Killjoy,Lotus,Win,13,9,17,12,3,1.4166666666666667,237,Sentinel
847,8/18/2024,Killjoy,Ascent,Loss,2,13,12,14,2,0.8571428571428571,254,Sentinel
848,8/18/2024,Killjoy,Lotus,Win,13,6,14,10,0,1.4,176,Sentinel
849,8/18/2024,Cypher,Bind,Loss,5,13,5,16,3,0.3125,94,Sentinel
850,8/19/2024,Cypher,Sunset,Loss,10,13,21,15,4,1.4,232,Sentinel
851,8/19/2024,Killjoy,Haven,Win,13,10,18,16,3,1.125,233,Sentinel
852,8/19/2024,Cypher,Abyss,Win,13,6,19,11,2,1.7272727272727273,262,Sentinel
853,8/20/2024,Cypher,Abyss,Win,13,11,14,18,4,0.7777777777777778,169,Sentinel
854,8/31/2024,Cypher,Bind,Loss,11,13,23,16,3,1.4375,289,Sentinel
855,8/31/2024,Killjoy,Lotus,Win,13,9,23,10,3,2.3,280,Sentinel
856,9/1/2024,Cypher,Bind,Win,13,7,15,11,1,1.3636363636363635,199,Sentinel
857,9/1/2024,Killjoy,Ascent,Loss,11,13,13,17,3,0.7647058823529411,157,Sentinel
858,9/1/2024,Killjoy,Haven,Win,13,3,13,9,4,1.4444444444444444,226,Sentinel
859,9/1/2024,Cypher,Sunset,Win,13,5,14,9,6,1.5555555555555556,215,Sentinel
860,9/2/2024,Killjoy,Ascent,Loss,9,13,14,17,5,0.8235294117647058,181,Sentinel
861,9/2/2024,Killjoy,Haven,Win,13,8,27,11,3,2.4545454545454546,314,Sentinel
862,9/3/2024,Cypher,Abyss,Win,13,3,15,7,5,2.142857142857143,249,Sentinel
863,9/3/2024,Killjoy,Ascent,Win,13,1,3,7,2,0.42857142857142855,70,Sentinel
864,9/3/2024,Cypher,Sunset,Loss,10,13,20,16,14,1.25,254,Sentinel
865,9/3/2024,Cypher,Abyss,Win,13,4,11,8,3,1.375,171,Sentinel
866,9/6/2024,Killjoy,Lotus,Loss,7,13,10,15,6,0.6666666666666666,183,Sentinel
867,9/6/2024,Killjoy,Icebox,Draw,15,15,21,22,6,0.9545454545454546,205,Sentinel
868,9/7/2024,Killjoy,Haven,Win,13,5,12,7,4,1.7142857142857142,170,Sentinel
869,9/8/2024,Cypher,Sunset,Win,13,10,12,17,6,0.7058823529411765,152,Sentinel
870,9/8/2024,Killjoy,Lotus,Loss,7,13,14,15,2,0.9333333333333333,195,Sentinel
871,9/9/2024,Killjoy,Ascent,Win,13,5,9,8,5,1.125,158,Sentinel
872,9/10/2024,Cypher,Abyss,Loss,10,13,13,15,2,0.8666666666666667,151,Sentinel
873,9/12/2024,Cypher,Bind,Win,13,9,10,12,7,0.8333333333333334,148,Sentinel
874,9/12/2024,Killjoy,Ascent,Win,13,11,19,18,3,1.0555555555555556,207,Sentinel
875,9/12/2024,Killjoy,Haven,Loss,6,13,11,14,2,0.7857142857142857,165,Sentinel
876,9/12/2024,Vyse,Sunset,Loss,8,13,12,16,5,0.75,173,Sentinel
877,9/12/2024,Vyse,Haven,Win,13,11,20,14,10,1.4285714285714286,245,Sentinel
878,9/13/2024,Killjoy,Icebox,Loss,5,13,18,14,1,1.2857142857142858,307,Sentinel
879,9/13/2024,Killjoy,Lotus,Win,13,1,12,5,2,2.4,227,Sentinel
880,9/13/2024,Killjoy,Ascent,Loss,13,15,10,23,5,0.43478260869565216,98,Sentinel
881,9/13/2024,Killjoy,Ascent,Win,13,6,13,10,5,1.3,193,Sentinel
882,9/13/2024,Cypher,Bind,Loss,12,14,13,19,7,0.6842105263157895,150,Sentinel
883,9/14/2024,Killjoy,Haven,Loss,10,13,11,14,5,0.7857142857142857,136,Sentinel
884,9/14/2024,Killjoy,Icebox,Loss,11,13,13,16,1,0.8125,153,Sentinel
885,9/14/2024,Cypher,Bind,Loss,10,13,13,16,7,0.8125,178,Sentinel
886,9/14/2024,Killjoy,Haven,Loss,7,13,17,15,1,1.1333333333333333,229,Sentinel
887,9/14/2024,Killjoy,Lotus,Win,13,11,28,15,2,1.8666666666666667,320,Sentinel
888,9/14/2024,Cypher,Abyss,Loss,9,13,11,17,6,0.6470588235294118,146,Sentinel
889,9/15/2024,Cypher,Sunset,Loss,2,13,8,13,3,0.6153846153846154,153,Sentinel
890,9/15/2024,Killjoy,Ascent,Win,14,12,20,15,4,1.3333333333333333,221,Sentinel
891,9/15/2024,Killjoy,Icebox,Win,13,10,15,13,3,1.1538461538461537,161,Sentinel
892,9/15/2024,Cypher,Bind,Win,13,8,16,12,3,1.3333333333333333,211,Sentinel
893,9/16/2024,Cypher,Abyss,Win,3,2,1,4,0,0.25,69,Sentinel
894,9/16/2024,Killjoy,Ascent,Loss,8,13,11,18,6,0.6111111111111112,157,Sentinel
895,9/16/2024,Viper,Icebox,Loss,8,13,16,18,5,0.8888888888888888,245,Controller
896,9/17/2024,Cypher,Sunset,Win,15,13,23,19,8,1.2105263157894737,235,Sentinel
897,9/17/2024,Cypher,Sunset,Loss,9,13,15,14,2,1.0714285714285714,196,Sentinel
898,9/17/2024,Killjoy,Lotus,Win,13,9,16,11,2,1.4545454545454546,196,Sentinel
899,9/18/2024,Killjoy,Lotus,Win,13,8,15,14,1,1.0714285714285714,181,Sentinel
900,9/19/2024,Killjoy,Ascent,Win,13,9,10,16,6,0.625,147,Sentinel
901,9/20/2024,Killjoy,Haven,Loss,7,13,16,15,0,1.0666666666666667,232,Sentinel
902,9/20/2024,Cypher,Abyss,Win,13,4,15,7,5,2.142857142857143,237,Sentinel
903,9/20/2024,Killjoy,Ascent,Loss,8,13,16,14,4,1.1428571428571428,212,Sentinel
904,9/20/2024,Cypher,Abyss,Win,13,2,12,7,5,1.7142857142857142,210,Sentinel
905,9/21/2024,Killjoy,Haven,Loss,10,13,19,17,6,1.1176470588235294,247,Sentinel
906,9/21/2024,Cypher,Sunset,Win,13,8,12,13,8,0.9230769230769231,169,Sentinel
907,9/21/2024,Killjoy,Lotus,Loss,8,13,10,16,3,0.625,167,Sentinel
908,9/21/2024,Cypher,Bind,Draw,14,14,18,17,8,1.0588235294117647,175,Sentinel
909,9/21/2024,Killjoy,Haven,Win,13,9,16,11,4,1.4545454545454546,220,Sentinel
910,9/22/2024,Killjoy,Icebox,Loss,4,13,9,13,3,0.6923076923076923,147,Sentinel
911,9/22/2024,Killjoy,Haven,Win,13,11,16,13,4,1.2307692307692308,194,Sentinel
912,9/22/2024,Killjoy,Lotus,Loss,10,13,14,13,5,1.0769230769230769,182,Sentinel
913,9/22/2024,Cypher,Bind,Win,13,6,11,10,7,1.1,157,Sentinel
914,9/22/2024,Cypher,Bind,Win,13,5,17,10,3,1.7,223,Sentinel
915,9/22/2024,Cypher,Abyss,Win,13,7,7,10,6,0.7,99,Sentinel
916,9/22/2024,Cypher,Sunset,Loss,12,14,13,17,7,0.7647058823529411,154,Sentinel
917,9/22/2024,Killjoy,Icebox,Loss,10,13,20,15,2,1.3333333333333333,250,Sentinel
918,9/23/2024,Killjoy,Haven,Loss,1,9,5,9,1,0.5555555555555556,178,Sentinel
919,9/23/2024,Killjoy,Lotus,Win,15,13,18,14,4,1.2857142857142858,189,Sentinel
920,9/24/2024,Killjoy,Ascent,Loss,9,13,7,15,2,0.4666666666666667,99,Sentinel
921,9/24/2024,Killjoy,Lotus,Loss,6,13,14,15,2,0.9333333333333333,211,Sentinel
922,9/24/2024,Cypher,Sunset,Loss,9,13,15,13,3,1.1538461538461537,184,Sentinel
923,9/25/2024,Cypher,Abyss,Win,9,3,3,5,2,0.6,76,Sentinel
924,9/25/2024,Cypher,Bind,Win,13,8,20,10,4,2.0,264,Sentinel
925,9/26/2024,Killjoy,Haven,Loss,10,13,14,16,3,0.875,177,Sentinel
926,9/26/2024,Killjoy,Icebox,Loss,12,14,16,20,3,0.8,177,Sentinel
927,9/27/2024,Killjoy,Icebox,Loss,8,13,10,16,2,0.625,145,Sentinel
928,9/27/2024,Cypher,Bind,Loss,2,13,9,13,1,0.6923076923076923,154,Sentinel
929,9/27/2024,Killjoy,Lotus,Win,13,7,13,9,0,1.4444444444444444,166,Sentinel
930,9/27/2024,Killjoy,Haven,Win,13,4,10,11,4,0.9090909090909091,178,Sentinel
931,10/3/2024,Cypher,Sunset,Win,13,6,18,11,7,1.6363636363636365,282,Sentinel
932,10/3/2024,Cypher,Ascent,Win,14,12,26,14,7,1.8571428571428572,256,Sentinel
933,10/4/2024,Killjoy,Lotus,Win,13,6,12,14,4,0.8571428571428571,179,Sentinel
934,10/5/2024,Cypher,Sunset,Loss,11,13,19,16,4,1.1875,232,Sentinel
935,10/5/2024,Killjoy,Icebox,Loss,9,13,19,17,2,1.1176470588235294,240,Sentinel
936,10/5/2024,Killjoy,Haven,Loss,9,13,18,16,8,1.125,265,Sentinel
937,10/5/2024,Cypher,Bind,Loss,9,13,13,16,5,0.8125,176,Sentinel
938,10/6/2024,Killjoy,Icebox,Loss,10,13,17,17,3,1.0,190,Sentinel
939,10/6/2024,Killjoy,Lotus,Loss,9,13,25,16,2,1.5625,324,Sentinel
940,10/6/2024,Cypher,Ascent,Win,13,5,12,7,1,1.7142857142857142,159,Sentinel
941,10/6/2024,Killjoy,Haven,Win,13,8,18,15,7,1.2,253,Sentinel
942,10/8/2024,Cypher,Abyss,Win,16,14,31,20,6,1.55,272,Sentinel
943,10/9/2024,Cypher,Bind,Loss,9,13,14,18,3,0.7777777777777778,180,Sentinel
944,10/9/2024,Cypher,Sunset,Loss,18,20,33,26,18,1.2692307692307692,266,Sentinel
945,10/10/2024,Cypher,Sunset,Win,13,11,19,12,5,1.5833333333333333,214,Sentinel
946,10/11/2024,Cypher,Bind,Win,13,10,20,14,5,1.4285714285714286,240,Sentinel
947,10/13/2024,Killjoy,Ascent,Win,13,9,18,12,6,1.5,263,Sentinel
948,10/14/2024,Killjoy,Icebox,Loss,7,13,14,14,0,1.0,183,Sentinel
949,10/14/2024,Killjoy,Lotus,Win,13,6,13,10,8,1.3,195,Sentinel
950,10/14/2024,Killjoy,Icebox,Loss,8,13,13,14,1,0.9285714285714286,189,Sentinel
951,10/14/2024,Cypher,Sunset,Loss,8,13,11,17,2,0.6470588235294118,162,Sentinel
952,10/14/2024,Viper,Icebox,Loss,10,13,14,18,5,0.7777777777777778,175,Controller
953,10/18/2024,Killjoy,Lotus,Win,13,7,17,14,1,1.2142857142857142,223,Sentinel
954,10/18/2024,Cypher,Bind,Loss,4,13,12,15,3,0.8,182,Sentinel
955,10/18/2024,Cypher,Abyss,Loss,11,13,17,15,3,1.1333333333333333,215,Sentinel
956,10/21/2024,Cypher,Sunset,Loss,9,13,16,15,9,1.0666666666666667,225,Sentinel
957,10/21/2024,Killjoy,Haven,Loss,7,13,7,16,3,0.4375,119,Sentinel
958,10/21/2024,Killjoy,Lotus,Win,13,8,11,15,5,0.7333333333333333,149,Sentinel
959,10/23/2024,Cypher,Pearl,Loss,11,13,25,16,3,1.5625,267,Sentinel
960,10/23/2024,Cypher,Pearl,Loss,9,13,15,15,1,1.0,177,Sentinel
961,10/24/2024,Cypher,Haven,Win,13,10,15,14,6,1.0714285714285714,175,Sentinel
962,10/24/2024,Killjoy,Split,Loss,7,13,19,15,6,1.2666666666666666,279,Sentinel
963,10/24/2024,Vyse,Sunset,Loss,4,13,9,15,0,0.6,155,Sentinel
964,10/24/2024,Cypher,Bind,Win,13,8,18,15,5,1.2,234,Sentinel
965,10/24/2024,Cypher,Ascent,Loss,10,13,15,16,2,0.9375,183,Sentinel
966,10/24/2024,Cypher,Bind,Loss,8,13,15,15,6,1.0,220,Sentinel
967,10/24/2024,Cypher,Pearl,Loss,9,13,15,14,1,1.0714285714285714,180,Sentinel
968,10/24/2024,Cypher,Abyss,Loss,12,14,17,18,5,0.9444444444444444,171,Sentinel
969,10/25/2024,Killjoy,Haven,Win,13,5,12,17,3,0.7058823529411765,191,Sentinel
970,10/25/2024,Cypher,Haven,Loss,9,13,15,17,5,0.8823529411764706,182,Sentinel
971,10/25/2024,Killjoy,Split,Win,13,6,14,8,4,1.75,206,Sentinel
972,10/26/2024,Cypher,Ascent,Win,13,4,16,8,3,2.0,227,Sentinel
973,10/26/2024,Cypher,Ascent,Loss,7,13,9,15,5,0.6,125,Sentinel
974,10/30/2024,Cypher,Bind,Loss,6,13,8,15,5,0.5333333333333333,134,Sentinel
975,10/30/2024,Cypher,Haven,Loss,3,13,12,13,4,0.9230769230769231,240,Sentinel
976,10/30/2024,Cypher,Bind,Loss,10,13,12,15,6,0.8,145,Sentinel
977,10/30/2024,Cypher,Sunset,Loss,7,13,11,15,6,0.7333333333333333,166,Sentinel
978,10/30/2024,Killjoy,Haven,Win,13,11,11,17,4,0.6470588235294118,140,Sentinel
979,10/30/2024,Cypher,Split,Win,13,7,15,11,5,1.3636363636363635,195,Sentinel
980,10/30/2024,Cypher,Abyss,Loss,8,13,9,18,4,0.5,141,Sentinel
981,10/31/2024,Cypher,Pearl,Win,13,11,14,16,4,0.875,179,Sentinel
982,10/31/2024,Cypher,Ascent,Loss,10,13,18,17,6,1.0588235294117647,207,Sentinel
983,10/31/2024,Cypher,Abyss,Win,13,8,15,15,5,1.0,199,Sentinel
984,10/31/2024,Cypher,Sunset,Loss,8,13,19,17,7,1.1176470588235294,247,Sentinel
985,10/31/2024,Cypher,Ascent,Loss,3,13,4,14,1,0.2857142857142857,89,Sentinel
986,11/1/2024,Killjoy,Split,Loss,9,13,15,15,1,1.0,185,Sentinel
987,11/1/2024,Cypher,Haven,Loss,3,13,12,14,3,0.8571428571428571,210,Sentinel
988,11/6/2024,Omen,Ascent,Loss,8,13,12,16,12,0.75,158,Controller
989,11/6/2024,Omen,Bind,Loss,11,13,14,18,14,0.7777777777777778,194,Controller
990,11/7/2024,Omen,Ascent,Win,13,9,8,13,20,0.6153846153846154,139,Controller
991,11/7/2024,Cypher,Abyss,Loss,7,13,21,15,2,1.4,279,Sentinel
992,11/7/2024,Omen,Bind,Loss,7,13,12,16,7,0.75,174,Controller
993,11/9/2024,Cypher,Ascent,Loss,4,13,7,14,0,0.5,109,Sentinel
994,11/10/2024,Omen,Ascent,Loss,8,13,14,14,11,1.0,191,Controller
995,11/10/2024,Omen,Split,Loss,5,13,11,15,4,0.7333333333333333,187,Controller
996,11/11/2024,Astra,Pearl,Win,13,9,17,13,8,1.3076923076923077,212,Controller
997,11/11/2024,Omen,Ascent,Loss,11,13,27,14,11,1.9285714285714286,299,Controller
998,11/11/2024,Astra,Pearl,Loss,6,13,12,16,5,0.75,194,Controller
999,11/12/2024,Omen,Split,Win,13,10,18,13,8,1.3846153846153846,214,Controller
1000,11/12/2024,Viper,Bind,Loss,7,13,8,17,4,0.47058823529411764,130,Controller
1592,02/18/2026,Fade,Sunset,Loss,0,4,2,2,0,1.0,66,Initiator
1853,9/27/2024,Killjoy,Lotus,Win,14,6,3,3,5,1.0,73,Sentinel
1533,6/11/2023,Astra,Split,Loss,4,9,3,20,6,0.15,32,Controller
1268,2/16/2024,Omen,Bind,Loss,0,9,9,18,5,0.5,236,Controller
1036,6/3/2023,Breach,Breeze,Win,13,7,19,11,10,1.7272727272727273,188,Initiator
1653,5/31/2024,Omen,Haven,Win,10,5,16,21,9,0.7619047619047619,87,Controller
1854,11/7/2023,Phoenix,Breeze,Win,8,5,11,2,4,5.5,150,Duelist
1993,6/23/2024,Viper,Haven,Loss,2,13,3,4,9,0.75,122,Controller
1799,6/2/2023,Brimstone,Lotus,Loss,13,14,15,13,9,1.1538461538461537,23,Controller
1959,6/25/2024,Brimstone,Breeze,Loss,13,14,17,22,10,0.7727272727272727,147,Controller
1083,4/4/2024,Omen,Abyss,Loss,13,14,15,14,0,1.0714285714285714,71,Controller
1849,7/24/2023,Cypher,Abyss,Win,12,11,4,1,2,4.0,258,Sentinel
1864,5/23/2023,Phoenix,Fracture,Loss,11,13,9,20,10,0.45,214,Duelist
1248,8/19/2024,Astra,Lotus,Win,8,5,8,8,7,1.0,257,Controller
1084,12/21/2023,Brimstone,Abyss,Loss,10,11,17,13,9,1.3076923076923077,30,Controller
1969,7/16/2023,KAY/O,Lotus,Win,15,13,7,10,6,0.7,60,Initiator
1132,7/5/2023,Killjoy,Lotus,Loss,12,14,13,16,7,0.8125,23,Sentinel
1331,6/6/2023,Phoenix,Lotus,Draw,0,0,10,9,3,1.1111111111111112,234,Duelist
1992,6/16/2023,Cypher,Breeze,Win,11,7,15,3,8,5.0,67,Sentinel
1581,12/4/2023,Vyse,Fracture,Loss,11,15,10,10,0,1.0,241,Sentinel
1796,6/8/2024,Cypher,Lotus,Win,8,7,3,4,2,0.75,1,Sentinel
1218,6/11/2023,KAY/O,Split,Win,4,2,11,13,4,0.8461538461538461,62,Initiator
1911,02/15/2026,Breach,Bind,Win,4,2,17,12,2,1.4166666666666667,111,Initiator
1288,3/27/2024,Fade,Breeze,Loss,0,13,7,6,2,1.1666666666666667,226,Initiator
1539,9/27/2024,Cypher,Icebox,Loss,8,14,17,19,0,0.8947368421052632,220,Sentinel
1311,5/17/2023,Cypher,Fracture,Loss,0,1,20,4,5,5.0,79,Sentinel
1484,7/30/2024,Cypher,Sunset,Win,9,0,5,5,1,1.0,67,Sentinel
1235,10/30/2024,Viper,Sunset,Win,6,5,3,19,6,0.15789473684210525,21,Controller
1851,5/19/2023,Astra,Icebox,Loss,2,7,3,4,4,0.75,90,Controller
1951,7/6/2023,Vyse,Sunset,Win,10,8,16,16,7,1.0,132,Sentinel
1729,02/19/2026,KAY/O,Icebox,Win,11,4,8,19,7,0.42105263157894735,200,Initiator
1016,8/6/2024,Killjoy,Haven,Loss,0,4,4,6,10,0.6666666666666666,140,Sentinel
1498,10/6/2024,Cypher,Bind,Loss,8,13,5,4,0,1.25,113,Sentinel
1991,6/6/2023,Cypher,Sunset,Win,11,4,13,19,7,0.6842105263157895,174,Sentinel
1077,8/22/2023,Vyse,Haven,Draw,1,1,11,10,2,1.1,187,Sentinel
1467,9/27/2024,KAY/O,Ascent,Win,8,1,12,15,9,0.8,32,Initiator
1435,10/31/2024,Vyse,Bind,Loss,8,9,20,5,0,4.0,300,Sentinel
1873,5/2/2023,Breach,Split,Win,14,3,15,18,6,0.8333333333333334,59,Initiator
1312,6/24/2024,Breach,Breeze,Win,13,1,2,2,6,1.0,262,Initiator
1963,4/15/2023,Omen,Breeze,Loss,2,4,11,14,6,0.7857142857142857,152,Controller
1234,5/30/2023,Phoenix,Pearl,Win,9,5,12,11,9,1.0909090909090908,3,Duelist
1714,4/15/2023,Cypher,Icebox,Loss,5,12,4,2,8,2.0,144,Sentinel
1102,5/8/2023,Breach,Fracture,Draw,8,8,10,3,10,3.3333333333333335,240,Initiator
1546,5/9/2023,Astra,Ascent,Loss,4,8,10,13,7,0.7692307692307693,228,Controller
1206,5/18/2023,Astra,Breeze,Win,8,0,2,3,4,0.6666666666666666,173,Controller
1708,5/31/2023,Astra,Fracture,Win,14,7,10,13,8,0.7692307692307693,65,Controller
1622,8/3/2023,Viper,Sunset,Loss,10,12,7,16,10,0.4375,131,Controller
1776,11/6/2024,Fade,Bind,Win,15,8,0,0,2,0.0,240,Initiator
1199,10/26/2024,Killjoy,Pearl,Win,10,6,1,11,1,0.09090909090909091,181,Sentinel
1708,5/21/2024,Fade,Lotus,Loss,9,10,6,7,9,0.8571428571428571,224,Initiator
1899,1/12/2024,Fade,Split,Win,11,5,20,12,7,1.6666666666666667,180,Initiator
1699,5/23/2023,Cypher,Abyss,Win,14,11,12,12,5,1.0,223,Sentinel
1812,03/06/2026,Phoenix,Abyss,Win,7,3,11,12,8,0.9166666666666666,73,Duelist
1614,7/14/2023,Fade,Fracture,Loss,12,13,10,19,8,0.5263157894736842,268,Initiator
1635,7/31/2023,KAY/O,Pearl,Win,12,7,16,16,6,1.0,0,Initiator
1289,7/18/2023,Fade,Sunset,Win,13,2,20,1,7,20.0,240,Initiator
1198,7/30/2023,Killjoy,Lotus,Win,2,0,10,10,9,1.0,300,Sentinel
1650,8/2/2023,Breach,Icebox,Draw,4,4,12,18,0,0.6666666666666666,150,Initiator
1215,5/22/2023,Breach,Lotus,Win,15,5,4,12,8,0.3333333333333333,297,Initiator
1365,8/4/2024,Cypher,Lotus,Draw,1,1,13,14,3,0.9285714285714286,168,Sentinel
1454,8/12/2024,Viper,Ascent,Draw,12,12,7,2,5,3.5,75,Controller
1917,5/22/2023,Brimstone,Haven,Draw,15,15,15,20,5,0.75,104,Controller
1391,11/7/2024,Omen,Bind,Win,15,11,7,9,9,0.7777777777777778,29,Controller
1261,9/10/2023,Viper,Lotus,Loss,0,12,11,17,6,0.6470588235294118,58,Controller
1266,5/22/2023,Brimstone,Breeze,Win,11,5,18,3,6,6.0,222,Controller
1551,9/15/2024,Brimstone,Pearl,Win,10,2,14,18,3,0.7777777777777778,36,Controller
1699,3/13/2024,Killjoy,Pearl,Win,14,7,18,18,9,1.0,73,Sentinel
1260,9/9/2024,Cypher,Icebox,Win,13,7,3,6,3,0.5,251,Sentinel
1783,03/10/2026,Brimstone,Icebox,Loss,10,14,20,8,6,2.5,269,Controller
1971,6/21/2023,KAY/O,Abyss,Win,12,10,15,19,3,0.7894736842105263,109,Initiator
1896,7/9/2023,Omen,Ascent,Win,8,1,6,8,8,0.75,55,Controller
1512,11/4/2023,Cypher,Sunset,Win,10,7,17,1,1,17.0,42,Sentinel
1408,11/11/2024,KAY/O,Lotus,Win,11,3,7,8,8,0.875,33,Initiator
1537,6/3/2023,Vyse,Haven,Win,9,7,2,2,4,1.0,6,Sentinel
1090,5/18/2023,Omen,Sunset,Win,8,0,8,11,10,0.7272727272727273,159,Controller
1316,8/31/2024,Vyse,Split,Win,5,2,1,9,5,0.1111111111111111,1,Sentinel
1548,5/30/2023,Breach,Pearl,Draw,4,4,3,2,6,1.5,79,Initiator
1922,9/13/2024,Omen,Haven,Loss,1,11,5,19,2,0.2631578947368421,294,Controller
1894,2/3/2024,KAY/O,Ascent,Win,14,1,4,15,2,0.26666666666666666,188,Initiator
1833,3/16/2024,Astra,Fracture,Draw,13,13,12,20,0,0.6,93,Controller
1175,6/23/2024,Brimstone,Bind,Win,11,2,3,12,5,0.25,291,Controller
1165,4/4/2024,Fade,Fracture,Win,5,2,15,20,1,0.75,210,Initiator
1090,9/10/2023,Omen,Bind,Draw,3,3,19,16,4,1.1875,74,Controller
1889,8/8/2024,Fade,Ascent,Win,8,5,20,11,4,1.8181818181818181,197,Initiator
1949,8/2/2024,Breach,Icebox,Loss,3,6,14,6,3,2.3333333333333335,207,Initiator
1099,11/4/2023,Brimstone,Abyss,Loss,0,1,14,18,3,0.7777777777777778,207,Controller
1042,4/21/2023,Cypher,Split,Win,8,0,7,5,6,1.4,105,Sentinel
1808,7/7/2024,KAY/O,Split,Win,8,6,0,8,7,0.0,263,Initiator
1696,9/8/2023,Vyse,Fracture,Draw,4,4,5,3,7,1.6666666666666667,19,Sentinel
1496,8/20/2023,Omen,Icebox,Loss,2,4,1,20,1,0.05,88,Controller
1238,4/28/2023,Viper,Bind,Draw,5,5,20,12,4,1.6666666666666667,136,Controller
1668,10/3/2024,Astra,Haven,Loss,4,7,12,10,5,1.2,210,Controller
1217,2/6/2024,Cypher,Haven,Loss,5,7,1,1,5,1.0,222,Sentinel
1947,2/2/2024,Cypher,Bind,Win,13,5,0,20,2,0.0,203,Sentinel
1932,7/30/2024,Phoenix,Bind,Win,11,10,10,2,10,5.0,218,Duelist
1628,03/07/2026,Viper,Abyss,Loss,8,10,3,15,4,0.2,244,Controller
1616,9/1/2024,Cypher,Ascent,Win,13,4,9,9,10,1.0,36,Sentinel
1781,6/30/2023,Viper,Pearl,Win,11,6,7,0,0,7.0,123,Controller
1679,6/26/2023,Killjoy,Split,Loss,7,12,15,13,9,1.1538461538461537,101,Sentinel
1256,5/23/2023,Breach,Sunset,Win,15,7,4,9,5,0.4444444444444444,91,Initiator
1774,7/27/2023,Cypher,Breeze,Loss,8,12,9,6,9,1.5,18,Sentinel
1016,3/10/2024,Vyse,Abyss,Loss,2,13,14,19,6,0.7368421052631579,140,Sentinel
1954,7/30/2024,Cypher,Abyss,Draw,7,7,13,6,6,2.1666666666666665,160,Sentinel
1427,10/6/2024,Breach,Abyss,Draw,12,12,1,14,7,0.07142857142857142,143,Initiator
1055,02/17/2026,Cypher,Lotus,Draw,4,4,1,6,8,0.16666666666666666,114,Sentinel
1970,2/25/2024,Cypher,Pearl,Win,10,9,17,10,8,1.7,31,Sentinel
1746,10/31/2024,Brimstone,Lotus,Loss,6,7,14,13,0,1.0769230769230769,261,Controller
1436,2/5/2024,Viper,Lotus,Win,15,8,14,16,7,0.875,199,Controller
1327,6/19/2023,Breach,Lotus,Win,15,11,15,3,10,5.0,21,Initiator
1511,8/31/2023,Phoenix,Icebox,Win,14,7,10,9,5,1.1111111111111112,5,Duelist
1147,03/03/2026,Viper,Bind,Loss,1,5,11,14,1,0.7857142857142857,270,Controller
1689,03/11/2026,Killjoy,Split,Loss,3,15,7,8,7,0.875,31,Sentinel
1020,2/4/2024,Fade,Breeze,Loss,8,12,2,2,10,1.0,251,Initiator
1101,02/22/2026,Killjoy,Breeze,Loss,5,13,4,10,8,0.4,32,Sentinel
1370,9/27/2024,KAY/O,Split,Win,8,6,9,1,4,9.0,225,Initiator
1217,8/31/2023,Phoenix,Icebox,Draw,3,3,3,4,2,0.75,182,Duelist
1200,5/28/2023,Vyse,Fracture,Loss,1,5,7,1,7,7.0,43,Sentinel
1386,12/2/2023,Viper,Lotus,Win,10,8,1,17,1,0.058823529411764705,149,Controller
1213,7/17/2023,Omen,Breeze,Loss,11,12,4,3,2,1.3333333333333333,94,Controller
1101,4/15/2023,KAY/O,Breeze,Loss,8,15,9,14,9,0.6428571428571429,256,Initiator
1832,8/6/2024,Fade,Pearl,Loss,3,7,19,4,2,4.75,20,Initiator
1601,8/9/2024,Vyse,Bind,Win,8,6,6,18,4,0.3333333333333333,81,Sentinel
1827,6/26/2024,Fade,Abyss,Loss,4,14,4,5,4,0.8,195,Initiator
1556,6/24/2024,KAY/O,Icebox,Draw,10,10,4,12,9,0.3333333333333333,235,Initiator
1833,5/17/2023,Killjoy,Breeze,Loss,1,6,8,18,0,0.4444444444444444,149,Sentinel
1967,9/22/2024,Viper,Fracture,Loss,10,13,10,6,0,1.6666666666666667,168,Controller
1393,6/16/2023,Killjoy,Split,Win,15,9,1,10,6,0.1,10,Sentinel
1425,2/3/2024,Cypher,Ascent,Win,13,11,3,20,1,0.15,178,Sentinel
1367,7/7/2023,Vyse,Ascent,Loss,8,11,10,9,4,1.1111111111111112,242,Sentinel
1635,8/7/2024,Omen,Haven,Win,7,4,8,10,10,0.8,8,Controller
1037,6/10/2024,Fade,Sunset,Loss,7,10,9,11,3,0.8181818181818182,65,Initiator
1612,11/28/2023,Astra,Haven,Win,5,1,8,13,5,0.6153846153846154,230,Controller
1007,6/3/2023,Killjoy,Icebox,Draw,13,13,20,17,3,1.1764705882352942,240,Sentinel
1168,7/30/2024,Killjoy,Bind,Loss,9,15,19,15,3,1.2666666666666666,36,Sentinel
1861,9/22/2024,Breach,Breeze,Draw,5,5,12,4,1,3.0,300,Initiator
1286,8/2/2024,Cypher,Breeze,Draw,9,9,15,15,7,1.0,26,Sentinel
1677,9/27/2024,Killjoy,Breeze,Loss,6,11,7,6,9,1.1666666666666667,214,Sentinel
1155,7/29/2024,Cypher,Icebox,Win,9,1,17,4,10,4.25,232,Sentinel
1100,9/8/2023,Cypher,Fracture,Loss,2,6,7,14,7,0.5,12,Sentinel
1948,4/23/2023,Fade,Icebox,Win,15,7,4,14,5,0.2857142857142857,85,Initiator
1830,6/25/2023,Omen,Lotus,Win,9,0,15,20,0,0.75,70,Controller
1226,8/7/2024,Fade,Bind,Win,8,6,0,18,0,0.0,25,Initiator
1356,5/17/2023,KAY/O,Lotus,Win,10,7,8,4,8,2.0,136,Initiator
1585,5/18/2023,Phoenix,Sunset,Draw,3,3,20,4,5,5.0,187,Duelist
1525,02/24/2026,Killjoy,Breeze,Win,5,4,16,9,3,1.7777777777777777,206,Sentinel
1793,6/26/2024,Vyse,Ascent,Draw,5,5,5,0,3,5.0,283,Sentinel
1620,8/23/2023,Phoenix,Fracture,Loss,1,15,11,9,9,1.2222222222222223,201,Duelist
1498,10/31/2024,Omen,Ascent,Win,5,2,14,3,10,4.666666666666667,33,Controller
1536,5/24/2023,Astra,Sunset,Win,9,3,8,2,0,4.0,269,Controller
1777,6/8/2024,KAY/O,Lotus,Draw,9,9,3,8,8,0.375,216,Initiator
1653,7/5/2023,Viper,Ascent,Win,11,5,15,15,10,1.0,178,Controller
1760,3/14/2024,Cypher,Bind,Loss,2,10,15,10,4,1.5,270,Sentinel
1736,02/20/2026,Cypher,Fracture,Win,14,3,13,10,7,1.3,164,Sentinel
1791,6/30/2023,Vyse,Haven,Loss,9,14,15,15,6,1.0,284,Sentinel
1208,10/25/2024,KAY/O,Abyss,Loss,11,12,20,1,4,20.0,144,Initiator
1918,10/30/2024,Viper,Abyss,Win,5,3,18,18,5,1.0,199,Controller
1005,9/7/2024,Fade,Sunset,Loss,11,14,6,9,7,0.6666666666666666,13,Initiator
1766,02/28/2026,Cypher,Lotus,Win,15,2,7,6,4,1.1666666666666667,257,Sentinel
1915,5/29/2023,Breach,Breeze,Loss,7,8,11,14,9,0.7857142857142857,13,Initiator
1871,10/10/2024,Phoenix,Ascent,Loss,3,6,2,9,0,0.2222222222222222,236,Duelist
1765,5/31/2023,Phoenix,Sunset,Win,15,8,20,18,0,1.1111111111111112,248,Duelist
1349,8/11/2024,Fade,Lotus,Loss,10,15,2,3,7,0.6666666666666666,118,Initiator
1898,8/6/2024,Fade,Breeze,Win,11,10,12,15,2,0.8,43,Initiator
1735,3/19/2024,Vyse,Icebox,Win,12,7,13,9,3,1.4444444444444444,184,Sentinel
1866,02/28/2026,Cypher,Ascent,Win,15,0,1,5,7,0.2,108,Sentinel
1129,6/10/2024,Breach,Ascent,Win,8,1,14,5,2,2.8,154,Initiator
1120,02/26/2026,KAY/O,Fracture,Win,10,7,11,13,5,0.8461538461538461,211,Initiator
1211,6/6/2024,Breach,Ascent,Win,8,1,4,3,2,1.3333333333333333,232,Initiator
1630,10/3/2024,Fade,Bind,Loss,2,12,14,17,9,0.8235294117647058,102,Initiator
1177,6/14/2023,Cypher,Bind,Loss,5,6,19,19,1,1.0,125,Sentinel
1492,12/13/2023,KAY/O,Ascent,Draw,4,4,11,14,2,0.7857142857142857,23,Initiator
1304,5/17/2023,Phoenix,Sunset,Loss,7,8,3,17,1,0.17647058823529413,92,Duelist
1858,8/9/2024,Brimstone,Abyss,Loss,2,8,0,13,10,0.0,174,Controller
1023,8/9/2024,Omen,Pearl,Win,15,5,9,3,4,3.0,96,Controller
1978,8/22/2023,Astra,Ascent,Win,12,3,15,13,0,1.1538461538461537,217,Controller
1480,7/24/2023,Killjoy,Breeze,Win,14,1,3,10,5,0.3,181,Sentinel
1099,11/9/2024,Brimstone,Fracture,Win,14,7,3,6,2,0.5,52,Controller
1466,8/19/2023,Phoenix,Split,Loss,8,11,11,20,8,0.55,114,Duelist
1413,9/10/2023,Vyse,Pearl,Win,4,3,17,11,3,1.5454545454545454,191,Sentinel
1335,8/24/2023,Phoenix,Lotus,Win,12,3,2,2,2,1.0,45,Duelist
1587,03/02/2026,Brimstone,Fracture,Win,15,0,5,11,2,0.45454545454545453,94,Controller
1868,2/5/2024,Cypher,Breeze,Loss,14,15,17,9,9,1.8888888888888888,57,Sentinel
1324,7/5/2023,KAY/O,Fracture,Win,8,5,0,2,9,0.0,159,Initiator
1593,3/1/2024,Vyse,Pearl,Win,14,0,19,13,4,1.4615384615384615,241,Sentinel
1853,7/30/2023,Cypher,Haven,Loss,2,11,6,9,3,0.6666666666666666,217,Sentinel
1213,7/23/2024,Cypher,Lotus,Draw,4,4,9,4,2,2.25,234,Sentinel
1204,7/24/2023,KAY/O,Ascent,Draw,13,13,11,5,1,2.2,191,Initiator
1603,5/2/2023,Astra,Breeze,Win,15,6,9,5,10,1.8,106,Controller
1818,1/4/2024,Cypher,Abyss,Win,12,8,9,8,6,1.125,240,Sentinel
1040,10/31/2024,Cypher,Abyss,Draw,10,10,4,4,6,1.0,165,Sentinel
1748,8/4/2024,Astra,Sunset,Loss,0,5,20,7,9,2.857142857142857,189,Controller
1942,9/9/2024,Fade,Sunset,Loss,2,3,14,14,0,1.0,288,Initiator
1758,10/5/2023,Viper,Fracture,Win,10,6,18,6,10,3.0,179,Controller
1512,8/2/2024,Omen,Split,Win,9,2,20,26,0,0.7692307692307693,240,Controller
1230,6/3/2023,Omen,Bind,Win,9,4,16,5,4,3.2,131,Controller
1061,7/31/2024,Fade,Ascent,Loss,9,11,11,13,5,0.8461538461538461,295,Initiator
1312,9/25/2024,Cypher,Sunset,Loss,5,7,2,14,7,0.14285714285714285,88,Sentinel
1737,1/19/2024,Cypher,Fracture,Loss,10,14,10,19,6,0.5263157894736842,234,Sentinel
1606,8/11/2024,Cypher,Breeze,Loss,8,9,4,18,4,0.2222222222222222,282,Sentinel
1584,6/17/2023,Cypher,Haven,Draw,7,7,12,8,2,1.5,187,Sentinel
1714,3/3/2024,Viper,Fracture,Win,8,5,1,17,9,0.058823529411764705,113,Controller
1588,02/22/2026,Cypher,Haven,Loss,1,12,17,20,5,0.85,82,Sentinel
1746,6/24/2023,Phoenix,Lotus,Win,15,6,16,15,1,1.0666666666666667,159,Duelist
1637,11/3/2023,Vyse,Breeze,Win,10,6,9,7,8,1.2857142857142858,127,Sentinel
1174,8/7/2024,Omen,Breeze,Loss,4,15,14,18,8,0.7777777777777778,116,Controller
1378,6/4/2023,Cypher,Pearl,Loss,8,10,6,6,1,1.0,99,Sentinel
1915,8/15/2024,Cypher,Bind,Loss,0,15,4,10,6,0.4,213,Sentinel
1306,5/23/2023,Brimstone,Fracture,Draw,5,5,12,7,0,1.7142857142857142,168,Controller
1393,11/9/2024,Viper,Bind,Win,7,4,11,14,2,0.7857142857142857,146,Controller
1230,4/16/2023,Brimstone,Haven,Win,12,0,7,19,5,0.3684210526315789,131,Controller
1594,7/27/2023,Killjoy,Split,Win,8,2,2,0,1,2.0,181,Sentinel
1874,6/20/2024,Viper,Pearl,Win,8,3,10,19,9,0.5263157894736842,289,Controller
1617,11/19/2023,Brimstone,Haven,Win,13,6,10,18,2,0.5555555555555556,279,Controller
1756,6/26/2023,Fade,Lotus,Loss,3,12,15,6,1,2.5,139,Initiator
1367,11/11/2023,Astra,Split,Win,8,5,6,14,6,0.42857142857142855,142,Controller
1105,7/29/2023,Viper,Breeze,Draw,5,5,4,15,0,0.26666666666666666,101,Controller
1333,11/3/2023,Astra,Abyss,Loss,8,13,5,6,8,0.8333333333333334,278,Controller
1841,9/27/2024,Cypher,Abyss,Loss,7,10,14,5,10,2.8,296,Sentinel
1211,8/7/2024,Breach,Abyss,Loss,6,9,11,9,4,1.2222222222222223,18,Initiator
1308,11/6/2024,Astra,Haven,Draw,2,2,2,0,6,2.0,233,Controller
1679,8/19/2023,KAY/O,Ascent,Loss,3,10,12,14,9,0.8571428571428571,5,Initiator
1375,8/31/2023,Viper,Lotus,Loss,7,14,5,7,4,0.7142857142857143,135,Controller
1788,8/28/2023,Cypher,Bind,Loss,4,15,1,10,5,0.1,300,Sentinel
1601,1/7/2024,Breach,Breeze,Win,14,2,2,2,3,1.0,118,Initiator
1998,9/13/2024,Viper,Icebox,Draw,5,5,5,12,2,0.4166666666666667,206,Controller
1113,11/7/2024,Cypher,Haven,Draw,5,5,20,9,9,2.2222222222222223,113,Sentinel
1249,11/14/2023,Brimstone,Split,Draw,12,12,5,7,7,0.7142857142857143,170,Controller
1992,12/13/2023,KAY/O,Haven,Draw,2,2,18,16,3,1.125,34,Initiator
1999,4/14/2024,Phoenix,Split,Win,12,9,12,14,10,0.8571428571428571,47,Duelist
1559,02/21/2026,Omen,Fracture,Loss,3,6,10,12,5,0.8333333333333334,10,Controller
1186,6/8/2024,Vyse,Pearl,Win,8,0,5,6,2,0.8333333333333334,161,Sentinel
1335,10/31/2024,KAY/O,Pearl,Loss,7,13,13,17,6,0.7647058823529411,42,Initiator
1395,9/9/2023,Astra,Breeze,Win,8,7,3,4,9,0.75,29,Controller
1149,7/22/2023,Brimstone,Lotus,Loss,0,7,2,18,9,0.1111111111111111,102,Controller
1821,7/24/2024,Breach,Bind,Loss,5,14,2,8,5,0.25,81,Initiator
1274,12/5/2023,Breach,Split,Win,6,4,11,12,8,0.9166666666666666,106,Initiator
1367,8/11/2024,Cypher,Breeze,Win,9,2,15,15,8,1.0,84,Sentinel
1101,03/14/2026,Killjoy,Bind,Draw,14,14,8,5,5,1.6,223,Sentinel
1313,03/15/2026,Omen,Lotus,Loss,1,8,4,7,0,0.5714285714285714,156,Controller
1894,10/14/2024,Cypher,Abyss,Win,9,7,12,10,1,1.2,182,Sentinel
1523,7/17/2023,Astra,Breeze,Loss,12,15,3,6,9,0.5,167,Controller
1726,5/9/2023,Phoenix,Ascent,Win,14,3,4,7,4,0.5714285714285714,113,Duelist
1365,5/18/2023,Vyse,Split,Win,13,5,13,13,10,1.0,267,Sentinel
1149,3/26/2024,Phoenix,Breeze,Loss,0,6,6,13,3,0.46153846153846156,9,Duelist
1241,11/16/2023,Viper,Lotus,Loss,8,9,14,18,0,0.7777777777777778,222,Controller
1769,8/22/2023,Astra,Split,Win,15,3,5,6,1,0.8333333333333334,11,Controller
1465,6/2/2024,KAY/O,Sunset,Draw,3,3,11,9,8,1.2222222222222223,42,Initiator
1533,9/17/2024,Viper,Breeze,Loss,10,14,18,23,7,0.782608695652174,126,Controller
1863,6/8/2024,Killjoy,Icebox,Loss,1,7,16,16,10,1.0,269,Sentinel
1985,8/17/2024,Omen,Pearl,Draw,11,11,0,15,4,0.0,202,Controller
1755,03/15/2026,Brimstone,Lotus,Draw,1,1,14,16,9,0.875,26,Controller
1382,11/14/2023,Cypher,Lotus,Loss,0,3,16,4,5,4.0,99,Sentinel
1893,7/22/2024,Brimstone,Breeze,Loss,3,5,10,0,2,10.0,15,Controller
1922,8/23/2023,Breach,Ascent,Win,13,10,7,0,4,7.0,210,Initiator
1583,03/14/2026,Brimstone,Abyss,Win,13,7,12,16,5,0.75,30,Controller
1479,7/14/2023,Brimstone,Pearl,Win,9,4,2,18,6,0.1111111111111111,93,Controller
1788,7/8/2024,Brimstone,Sunset,Win,6,1,4,5,1,0.8,238,Controller
1349,02/18/2026,Breach,Haven,Loss,2,11,7,8,9,0.875,67,Initiator
1566,5/22/2023,Omen,Split,Win,10,7,12,16,4,0.75,259,Controller
1212,7/31/2023,Astra,Fracture,Win,10,6,7,9,4,0.7777777777777778,289,Controller
1106,10/5/2024,Cypher,Bind,Loss,8,14,18,15,9,1.2,132,Sentinel
1539,03/06/2026,Cypher,Bind,Draw,1,1,16,20,3,0.8,233,Sentinel
1520,5/22/2023,Brimstone,Lotus,Win,14,7,1,17,5,0.058823529411764705,148,Controller
1216,8/23/2023,Cypher,Icebox,Loss,9,12,5,9,5,0.5555555555555556,19,Sentinel
1524,8/3/2024,Killjoy,Split,Loss,6,12,20,18,8,1.1111111111111112,276,Sentinel
1050,6/6/2023,Fade,Haven,Loss,8,11,6,16,6,0.375,132,Initiator
1364,7/24/2024,Breach,Split,Draw,8,8,20,1,7,20.0,216,Initiator
1691,6/5/2024,Vyse,Icebox,Win,10,7,0,16,9,0.0,65,Sentinel
1182,6/6/2023,Breach,Abyss,Loss,0,3,16,14,3,1.1428571428571428,220,Initiator
1037,1/3/2024,Astra,Breeze,Win,15,12,2,3,10,0.6666666666666666,218,Controller
1210,1/19/2024,Viper,Bind,Draw,11,11,17,5,9,3.4,103,Controller
1949,5/20/2023,Cypher,Ascent,Win,9,7,8,8,6,1.0,147,Sentinel
1198,9/18/2024,Breach,Breeze,Loss,7,15,8,10,0,0.8,287,Initiator
1253,9/2/2024,Vyse,Fracture,Draw,2,2,19,9,10,2.111111111111111,256,Sentinel
1778,6/25/2024,Phoenix,Split,Win,6,2,9,8,6,1.125,99,Duelist
1891,5/29/2023,Cypher,Lotus,Loss,2,6,14,14,1,1.0,236,Sentinel
1497,3/16/2024,Cypher,Ascent,Loss,4,11,13,17,4,0.7647058823529411,191,Sentinel
1801,2/16/2024,Omen,Icebox,Win,11,5,11,10,8,1.1,129,Controller
1947,6/25/2023,Cypher,Sunset,Draw,14,14,1,1,3,1.0,196,Sentinel
1391,6/8/2024,Brimstone,Ascent,Loss,2,12,19,5,5,3.8,93,Controller
1857,4/21/2023,Cypher,Icebox,Win,12,9,6,15,8,0.4,142,Sentinel
1536,5/28/2023,Brimstone,Bind,Win,10,3,10,3,8,3.3333333333333335,220,Controller
1786,8/31/2023,Cypher,Pearl,Loss,3,13,13,15,4,0.8666666666666667,51,Sentinel
1967,5/30/2023,Phoenix,Breeze,Win,13,7,18,20,4,0.9,160,Duelist
1891,02/22/2026,Brimstone,Split,Win,10,3,3,15,8,0.2,58,Controller
1746,6/12/2023,Fade,Breeze,Loss,7,12,14,6,10,2.3333333333333335,224,Initiator
1057,02/16/2026,Brimstone,Breeze,Win,14,8,8,11,5,0.7272727272727273,226,Controller
1214,03/06/2026,Phoenix,Sunset,Loss,2,10,12,15,9,0.8,175,Duelist
1812,7/24/2024,Omen,Ascent,Win,14,12,17,22,4,0.7727272727272727,261,Controller
1661,5/4/2023,Cypher,Pearl,Loss,4,10,9,18,9,0.5,9,Sentinel
1777,11/4/2023,Astra,Icebox,Win,8,5,9,5,10,1.8,37,Controller
1740,11/11/2024,Brimstone,Breeze,Loss,6,8,5,7,10,0.7142857142857143,266,Controller
1010,3/11/2024,Omen,Sunset,Win,15,3,10,13,5,0.7692307692307693,68,Controller
1495,5/30/2023,Fade,Breeze,Loss,2,12,17,14,6,1.2142857142857142,100,Initiator
1125,5/4/2023,Viper,Lotus,Win,7,3,6,13,10,0.46153846153846156,216,Controller
1820,03/04/2026,KAY/O,Sunset,Draw,14,14,4,15,5,0.26666666666666666,147,Initiator
